package_name,aaid,aid,geo,router_ssid,wifi_mac,router_mac,imei,hwid,phone,email,real_name,package_dump,simid,gsfid
air.au.com.metro.DumbWaysToDie2,1,1,0,0,0,0,0,0,0,0,0,0,0,0
air.com.sgn.cookiejam.gp,1,1,0,0,0,0,0,0,0,0,0,0,0,0
air.ru.mail.games.pokerarena,1,1,1,1,0,1,0,0,0,0,0,0,0,0
at.nerbrothers.SuperJump,1,1,0,0,0,0,0,0,0,0,0,0,0,0
bubble.shooter.shooting.shoot.game,1,1,0,0,0,0,0,0,0,0,0,0,0,0
bubbleshooter.orig,1,1,0,0,0,0,0,0,0,0,0,0,0,0
cn.jingling.motu.photowonder,1,1,0,1,1,0,1,0,0,0,0,0,0,0
cn.xender,0,1,0,0,0,0,0,0,0,0,0,0,0,0
co.triller.droid,1,1,0,0,0,0,0,1,0,0,0,0,0,0
com.GabrielLimberger.StickmanParkourPlatform,1,1,0,0,0,0,0,0,0,0,0,0,0,0
com.HBO,1,1,0,0,0,0,0,0,0,0,0,0,0,0
com.HighbrowInteractive.IndianTrainSim,1,1,0,0,0,0,0,0,0,0,0,0,0,0
com.IMStudio.PocketRallyLite,0,0,0,0,1,0,0,0,0,0,0,0,0,0
com.KnowledgeAdventure.SchoolOfDragons,1,1,0,0,0,0,0,0,0,0,0,1,0,0
com.Laxarus.TigerBall,1,1,0,0,0,0,0,0,0,0,0,0,0,0
com.MobileSportsTime.MiniGolfEldoradoGolfCourse,1,1,0,0,0,0,0,0,0,0,0,0,0,0
com.NextFloor.DragonFlightKakao,1,0,0,0,0,0,0,0,0,0,0,0,0,0
com.Project100Pi.themusicplayer,0,0,0,0,0,0,0,0,0,0,0,0,0,0
com.PupInteractive.TwistyRoad,1,1,0,0,0,0,0,0,0,0,0,0,0,0
com.Seriously.BestFiends,1,1,0,0,0,0,0,0,0,0,0,0,0,0
com.TwoDesperados.WokaWoka,1,1,0,0,0,0,0,0,0,0,0,0,0,0
com.UCMobile.intl,1,0,0,0,0,0,0,0,0,0,0,0,0,0
com.ViperGames.StickmanDismount,1,1,0,0,0,0,0,0,0,0,0,0,0,0
com.ViperGames.StickmanWarriors,1,0,0,0,0,0,0,0,0,0,0,0,0,0
com.WaterfallLiveWallpaper,1,0,0,0,0,0,0,0,0,0,0,0,0,0
com.aa.generaladaptiveapps,0,0,0,0,0,0,0,0,0,0,0,0,0,0
com.accuweather.android,1,1,0,0,0,0,0,1,0,0,0,0,0,0
com.aceviral.angrygranrun,1,1,0,0,0,0,1,0,0,0,0,0,0,0
com.adobe.psmobile,1,0,0,0,0,0,0,0,0,0,0,0,0,0
com.adobe.reader,1,0,0,0,0,0,0,0,0,0,0,0,0,0
com.aim.racing,1,0,0,0,0,0,0,0,0,0,0,0,0,0
com.aim.racing.sf,1,0,0,0,0,0,0,0,0,0,0,0,0,0
com.aim.racingisland,1,1,0,0,0,0,1,0,0,0,0,0,0,0
com.aim.racingjpn,1,1,0,0,0,0,0,0,0,0,0,0,0,0
com.aim.racingmgt,1,1,0,0,0,0,0,0,0,0,0,0,0,0
com.aim.racingstreet,1,1,0,0,0,0,0,0,0,0,0,0,0,0
com.aim.racingti,1,1,0,0,0,0,0,0,0,0,0,0,0,0
com.aim.racingturbo,1,1,0,0,0,0,0,0,0,0,0,0,0,0
com.aim.racingtype,1,1,0,0,0,0,0,0,0,0,0,0,0,0
com.amazon.avod.thirdpartyclient,1,0,0,0,0,0,0,0,1,0,0,0,0,0
com.amazon.kindle,1,0,0,0,0,0,0,0,0,0,0,0,0,0
com.amazon.mShop.android.shopping,1,1,0,0,0,0,0,1,0,0,0,0,0,0
com.amazon.mp3,1,1,0,0,0,0,0,0,0,0,0,0,0,0
com.antivirus,1,1,0,0,0,0,0,1,0,0,0,0,0,0
com.antivirus.fast.safeboost.wemakeit.googleplay,1,0,0,0,0,0,0,0,0,0,0,0,0,0
com.antivirus.tablet,1,1,0,0,0,0,0,1,0,0,0,0,0,0
com.antivirussystemforandroid.brainiacs.googleplay,1,0,0,0,0,0,0,0,0,0,0,0,0,0
com.appsomniacs.da2,1,1,0,0,0,0,0,0,0,0,0,0,0,0
com.arcsys.tictactoe.lite.free.puzzle.games,1,1,0,0,0,0,0,0,0,0,0,0,0,0
com.askfm,1,1,0,0,0,0,0,0,0,0,0,0,0,0
com.att.myWireless,1,1,1,0,0,0,0,0,0,0,0,0,0,0
com.audible.application,1,1,0,1,0,1,0,1,0,1,0,0,0,0
com.avast.android.mobilesecurity,1,0,1,0,0,0,0,0,0,0,0,0,0,0
com.avito.android,1,1,0,0,0,1,0,0,0,0,0,0,0,0
com.azarlive.android,1,1,0,0,0,0,0,0,0,0,0,0,0,0
com.badoo.mobile,1,0,0,1,0,1,0,0,1,0,0,0,0,0
com.baklabs.taxi.simulator,1,1,0,1,0,1,0,0,0,0,0,0,0,0
com.bbm,1,1,1,1,0,1,0,0,0,0,0,0,0,0
com.bigduckgames.flow,1,1,0,0,0,0,0,0,0,0,0,0,0,0
com.bigduckgames.flowbridges,1,1,0,0,0,0,0,0,0,0,0,0,0,0
com.bigduckgames.flowhexes,1,1,0,0,0,0,0,0,0,0,0,0,0,0
com.bigduckgames.flowwarps,1,1,0,0,0,0,0,0,0,0,0,0,0,0
com.bitmango.go.blockhexapuzzle,1,1,0,0,0,0,0,0,0,0,0,0,0,0
com.bitmango.rolltheballunrollme,1,1,0,0,0,0,0,0,0,0,0,0,0,0
com.bitstrips.imoji,1,1,0,0,0,0,0,0,0,0,0,0,0,0
com.booking,1,0,1,1,0,0,0,0,0,0,0,0,0,0
com.booking.hotelmanager,0,0,0,0,0,0,0,0,0,0,0,0,0,0
com.campmobile.snow,1,1,0,0,0,0,0,0,0,0,0,0,0,0
com.cardinalblue.piccollage.google,1,1,0,0,0,0,0,0,0,0,0,0,0,0
com.cheerfulinc.flipagram,1,1,1,0,0,0,0,0,0,0,0,0,0,0
com.ciegames.RacingRivals,1,1,0,0,0,0,0,0,0,0,0,0,0,0
com.cleanmaster.mguard,1,1,1,0,0,0,0,0,0,0,0,0,0,0
com.cmcm.lite,1,1,0,0,0,0,0,0,0,0,0,0,0,0
com.cmcm.locker,1,1,1,0,0,0,0,0,0,0,0,0,0,0
com.cmcm.locker.theme.l102816689,0,1,0,0,0,0,1,0,0,0,0,0,0,0
com.cmcm.locker.theme.l102834909,0,1,0,0,0,0,1,0,0,0,0,0,0,0
com.cmcm.locker.theme.l102839704,0,1,0,0,0,0,1,0,0,0,0,0,0,0
com.cmplay.dancingline,1,1,0,0,1,0,0,0,0,0,0,0,0,0
com.cmplay.tiles2,1,1,0,1,0,0,0,0,0,0,0,0,0,0
com.com2us.smon.normal.freefull.google.kr.android.common,1,1,0,0,0,0,1,0,0,0,0,0,0,0
com.combineinc.streetracing.driftthreeD,1,1,0,0,0,0,1,0,0,0,0,0,0,0
com.commsource.beautyplus,1,1,0,0,0,0,0,0,0,0,0,0,0,0
com.contextlogic.wish,1,1,1,0,0,0,0,0,0,0,0,0,0,0
com.creativemobile.DragRacing,1,1,1,1,0,1,0,0,0,0,0,0,0,0
com.cricbuzz.android,1,0,0,0,0,0,0,0,0,0,0,0,0,0
com.cyberlink.youcammakeup,1,1,1,1,0,0,0,0,0,0,0,0,0,0
com.cyberlink.youperfect,1,0,1,0,0,0,0,0,0,0,0,0,0,0
com.devexpert.weather,1,0,1,0,0,0,0,0,0,0,0,0,0,0
com.dianxinos.dxbs,1,1,0,0,0,0,0,0,0,1,0,0,0,0
com.dianxinos.optimizer.duplay,1,1,0,0,0,0,0,0,0,0,0,0,0,0
com.digidust.elokence.akinator.freemium,1,1,1,0,0,0,0,0,0,0,0,0,0,0
com.disney.WMWLite,1,0,0,0,0,0,0,1,0,0,0,0,0,0
com.disney.frozensaga_goo,0,0,0,0,0,0,0,1,0,0,0,0,0,0
com.dnddream.headsoccer.android,1,0,0,0,0,0,0,0,0,0,0,0,0,0
com.droid27.transparentclockweather,1,0,0,0,0,0,0,0,0,0,0,0,0,0
com.drweb.pro,0,1,0,0,0,0,0,0,0,1,0,0,0,0
com.dts.freefireth,1,0,0,0,0,0,0,0,0,0,0,0,0,0
com.dvloper.granny,1,1,0,0,0,0,0,0,0,0,0,0,0,0
com.ea.game.nfs14_row,1,1,0,0,0,0,0,0,0,0,0,0,0,0
com.ea.game.simcitymobile_row,1,0,0,0,0,0,0,0,0,0,0,0,0,0
com.ea.gp.fifamobile,1,1,0,0,0,0,0,0,0,0,0,0,0,0
com.ea.gp.nbamobile,1,1,0,0,0,0,0,0,0,0,0,0,0,0
com.easygame.marblelegend2.free,1,0,0,0,0,0,0,0,0,0,0,0,0,0
com.ebay.mobile,1,1,1,0,0,0,0,0,0,0,0,1,0,0
com.epicwaronline.ms,1,0,0,0,0,0,0,0,0,0,0,0,0,0
com.episodeinteractive.android.catalog,1,1,0,1,0,0,0,1,0,0,0,0,0,0
com.etermax.preguntados.lite,1,1,1,0,0,0,0,0,0,0,0,0,0,0
com.facebook.lite,1,1,0,1,0,0,0,0,1,1,0,0,1,0
com.facebook.orca,0,1,0,0,0,0,0,1,0,0,0,0,0,0
com.fgol.HungrySharkEvolution,1,1,0,0,0,0,0,0,0,0,0,0,0,0
com.fingersoft.benjibananasadventures,1,1,0,0,0,0,0,0,0,0,0,0,0,0
com.fingersoft.hcr2,1,1,0,0,0,0,0,0,0,0,0,0,0,0
com.fingersoft.hillclimb,1,0,0,0,0,0,0,0,0,0,0,0,0,0
com.firsttouchgames.dls3,1,1,0,0,0,0,0,0,0,0,0,0,0,0
com.firsttouchgames.story,1,1,0,0,0,0,0,0,0,0,0,0,0,0
com.flipkart.android,1,1,1,0,0,0,0,0,0,0,0,0,0,0
com.foobnix.pdf.reader,0,0,0,0,0,0,0,1,0,0,0,0,0,0
com.fotoable.fotobeauty,1,1,0,0,0,1,0,1,0,0,0,0,0,0
com.funcamerastudio.videomaker,1,1,0,0,0,0,0,0,0,0,0,0,0,0
com.fundevs.app.mediaconverter,1,0,1,0,0,0,0,0,0,0,0,0,0,0
com.fungames.battletanksbeta,1,1,0,0,0,0,0,1,0,0,0,0,0,0
com.fungames.blockcraft,1,1,1,0,0,0,0,0,0,0,0,0,0,0
com.fungames.flightpilot,1,1,0,0,1,0,0,1,0,0,0,0,0,0
com.fungamesforfree.colorfy,1,1,0,0,0,0,0,1,0,0,0,0,0,0
com.funplus.familyfarm,1,1,0,0,0,0,0,1,0,0,0,0,0,0
com.funplus.familyfarmtango,1,1,0,0,0,0,0,0,0,0,0,0,0,0
com.funplus.kingofavalon,1,1,0,0,0,0,1,0,0,0,0,0,0,0
com.funplus.kingofavalonptr,1,1,0,0,0,0,1,0,0,0,0,0,0,0
com.funzio.crimecity,1,1,0,0,0,0,1,0,0,0,0,0,0,0
com.fusionprojects.edmodo,1,1,0,0,0,0,0,0,0,0,0,0,0,0
com.g5e.hiddencity.android,1,1,0,0,0,0,0,0,0,0,0,1,0,0
com.g6677.android.phairsalon,1,1,0,0,0,0,0,0,0,0,0,0,0,0
com.gaana,1,1,1,1,0,0,0,1,0,0,0,0,0,0
com.gaana.hindibhajan,0,1,0,0,0,0,0,0,0,0,0,0,0,0
com.gaana.kishorekumarhitsongs,0,1,0,0,0,0,0,0,0,0,0,0,0,0
com.gaana.lovesongshindi,0,1,0,0,0,0,0,0,0,0,0,0,0,0
com.gaana.punjabisongs,0,1,0,0,0,0,0,0,0,0,0,0,0,0
com.gaana.tamilsongs,0,1,0,0,0,0,0,0,0,0,0,0,0,0
com.game.BMX_Boy,1,1,0,0,0,0,0,0,0,0,0,0,0,0
com.game.BubbleShooter,1,1,0,0,0,0,0,0,0,0,0,0,0,0
com.game.JewelsStar2,1,1,0,0,0,0,0,0,0,0,0,0,0,0
com.game.JewelsStar3,1,1,0,0,0,0,0,0,0,0,0,0,0,0
com.game.SkaterBoy,1,1,0,0,0,0,0,0,0,0,0,0,0,0
com.game.basketballshoot,1,1,0,0,0,0,0,0,0,0,0,0,0,0
com.game.space.shooter2,1,1,0,0,0,0,0,0,0,0,0,0,0,0
com.gamecircus.PrizeClaw,1,1,0,0,0,0,0,0,0,0,0,0,0,0
com.gamecircus.tycoon,1,1,0,0,0,0,0,0,0,0,0,0,0,0
com.gamedevltd.modernstrike,1,1,0,0,0,0,0,0,0,0,0,0,0,0
com.gamedevltd.wwh,1,1,0,0,0,0,0,0,0,0,0,0,0,0
com.gamegos.mobile.cafeland,1,1,0,0,0,0,0,0,0,0,0,0,0,0
com.gamegou.PerfectKick.google,1,1,0,0,0,0,0,0,0,0,0,0,0,0
com.gamegou.football,1,1,0,0,0,0,0,0,0,0,0,0,0,0
com.gamehivecorp.taptitans2,1,1,0,0,0,0,0,0,0,0,0,0,0,0
com.gameinsight.airport,1,1,0,0,0,0,0,1,0,0,0,0,0,0
com.gameinsight.gobandroid,1,1,0,0,1,0,0,1,0,0,0,0,0,0
com.gameinsight.tribez,1,1,0,0,0,0,0,1,0,0,0,0,0,0
com.gameinsight.tribez3gp,1,1,0,1,0,0,0,1,0,0,0,0,0,0
com.gameloft.android.ANMP.Gloft5DHM,1,0,0,0,0,0,0,0,0,0,0,0,0,0
com.gameloft.android.ANMP.GloftA8HM,1,0,0,0,0,0,0,0,0,0,0,0,0,0
com.gameloft.android.ANMP.GloftDMHM,1,0,0,0,0,0,0,0,0,0,0,0,0,0
com.gameloft.android.ANMP.GloftDOHM,1,0,0,0,0,0,0,0,0,0,0,0,0,0
com.gameloft.android.ANMP.GloftDYHM,1,0,0,0,0,0,0,0,0,0,0,0,0,0
com.gameloft.android.ANMP.GloftFWHM,1,0,0,0,0,0,0,0,0,0,0,0,0,0
com.gameloft.android.ANMP.GloftGF2F,1,0,0,0,0,0,0,1,0,0,0,0,0,0
com.gameloft.android.ANMP.GloftGGHM,1,0,0,0,0,0,0,0,0,0,0,0,0,0
com.gameloft.android.ANMP.GloftGHHM,1,0,0,0,0,0,0,0,0,0,0,0,0,0
com.gameloft.android.ANMP.GloftGOHM,1,0,0,0,0,0,0,0,0,0,0,0,0,0
com.gameloft.android.ANMP.GloftHFHM,1,0,0,0,0,0,0,0,0,0,0,0,0,0
com.gameloft.android.ANMP.GloftHOHM,1,0,0,1,0,0,0,0,0,0,0,0,0,0
com.gameloft.android.ANMP.GloftM5HM,1,0,0,0,0,0,0,0,0,0,0,0,0,0
com.gameloft.android.ANMP.GloftMOHM,1,0,0,0,0,0,0,0,0,0,0,0,0,0
com.gameloft.android.ANMP.GloftPOHM,1,0,0,0,0,0,0,0,0,0,0,0,0,0
com.gameloft.android.ANMP.GloftR7HM,0,0,0,0,0,0,0,1,0,0,0,0,0,0
com.gameloft.android.ANMP.GloftSIHM,1,0,0,0,0,0,0,0,0,0,0,0,0,0
com.gameone.colorhockey.free,1,1,0,0,0,0,1,0,0,0,0,0,0,0
com.gameone.jabbersuperjump,1,1,0,0,0,0,0,0,0,0,0,0,0,0
com.gameone.jabbersuperjump2.free,1,1,0,0,0,0,1,0,0,0,0,0,0,0
com.gameparadiso.milkchoco,1,1,0,0,0,0,0,0,0,0,0,0,0,0
com.gameresort.stupidzombies,1,1,0,0,0,0,0,0,0,0,0,0,0,0
com.gamestar.perfectpiano,1,1,0,0,0,0,0,0,0,0,0,0,0,0
com.gamestar.pianoperfect,1,1,0,0,0,0,0,0,0,0,0,0,0,0
com.gamevil.kritikamobile.android.google.global.normal,1,1,0,0,0,0,1,0,0,0,0,0,0,0
com.gamevil.monster.global,1,1,0,0,0,0,1,0,0,0,0,0,0,0
com.gamoper.magiccandy.free,1,1,0,0,1,0,1,0,0,0,0,0,0,0
com.garanti.cepsubesi,1,0,0,0,0,0,0,0,0,0,0,0,0,0
com.gathercultivatecountry.attack,1,1,0,0,0,0,0,0,0,0,0,0,0,0
com.gau.go.launcherex,1,1,0,0,0,0,0,0,0,0,0,0,0,0
com.gau.go.launcherex.gowidget.taskmanagerex,0,1,0,0,0,0,0,0,0,0,0,0,0,0
com.gau.go.launcherex.gowidget.weatherwidget,1,1,1,0,0,0,0,0,0,0,0,0,0,0
com.gau.go.launcherex.theme.Aroma.free,1,1,0,0,0,0,1,0,0,0,0,0,0,0
com.gau.go.launcherex.theme.Lion.free,1,1,0,0,0,0,1,0,0,0,0,0,0,0
com.gau.go.launcherex.theme.Musiclife.flower,1,1,0,0,0,0,1,0,0,0,0,0,0,0
com.gau.go.launcherex.theme.Quality,1,1,0,0,0,0,0,0,0,0,0,0,0,0
com.gau.go.launcherex.theme.RockGraffiti.hd,1,1,0,0,0,0,1,0,0,0,0,0,0,0
com.gau.go.launcherex.theme.Tonight.flower,1,1,0,0,0,0,1,0,0,0,0,0,0,0
com.gau.go.launcherex.theme.bestlauncherforandroid2017,1,1,0,0,0,0,0,0,0,0,0,0,0,0
com.gau.go.launcherex.theme.butterflylaunche,0,0,0,0,0,0,0,0,0,0,0,0,0,0
com.gau.go.launcherex.theme.butterflytheme,1,1,0,0,0,0,0,0,0,0,0,0,0,0
com.gau.go.launcherex.theme.colorbubbleslauncher,0,0,0,0,0,0,0,0,0,0,0,0,0,0
com.gau.go.launcherex.theme.darkonii.free,1,1,0,0,0,0,1,0,0,0,0,0,0,0
com.gau.go.launcherex.theme.eternally.zt.free,1,1,0,0,0,0,1,0,0,0,0,0,0,0
com.gau.go.launcherex.theme.filter.dante,1,1,0,0,0,0,1,0,0,0,0,0,0,0
com.gau.go.launcherex.theme.free2017goldlauncher,1,1,0,0,0,0,0,0,0,0,0,0,0,0
com.gau.go.launcherex.theme.glass.free,1,1,0,0,0,0,1,0,0,0,0,0,0,0
com.gau.go.launcherex.theme.graceful.free,1,1,0,0,0,0,1,0,0,0,0,0,0,0
com.gau.go.launcherex.theme.highlife,1,1,0,0,0,0,1,0,0,0,0,0,0,0
com.gau.go.launcherex.theme.launcherforandro,1,0,0,0,0,0,0,0,0,0,0,0,0,0
com.gau.go.launcherex.theme.launcherfortable,1,0,0,0,0,0,0,0,0,0,0,0,0,0
com.gau.go.launcherex.theme.launchernew2016v3dfree,1,0,0,0,0,0,0,0,0,0,0,0,0,0
com.gau.go.launcherex.theme.launchernew2017version,1,0,0,0,0,0,0,0,0,0,0,0,0,0
com.gau.go.launcherex.theme.love.flower,1,1,0,0,0,0,1,0,0,0,0,0,0,0
com.gau.go.launcherex.theme.lovepetal.free,1,1,0,0,0,0,1,0,0,0,0,0,0,0
com.gau.go.launcherex.theme.lovestorylxxx,1,1,0,0,0,0,1,0,0,0,0,0,0,0
com.gau.go.launcherex.theme.lovethemesforandroidfree,0,0,0,0,0,0,0,0,0,0,0,0,0,0
com.gau.go.launcherex.theme.magicgolaunchertheme,1,1,0,0,0,0,0,0,0,0,0,0,0,0
com.gau.go.launcherex.theme.miracle.lamann,1,1,0,0,0,0,1,0,0,0,0,0,0,0
com.gau.go.launcherex.theme.myyouth.free,1,1,0,0,0,0,1,0,0,0,0,0,0,0
com.gau.go.launcherex.theme.newlauncher2017,1,1,0,0,0,0,0,0,0,0,0,0,0,0
com.gau.go.launcherex.theme.pale.zt.free,1,1,0,0,0,0,1,0,0,0,0,0,0,0
com.gau.go.launcherex.theme.pinkybow.zt.free,1,1,0,0,0,0,1,0,0,0,0,0,0,0
com.gau.go.launcherex.theme.rosegoldlauncher,1,0,0,0,0,0,0,0,0,0,0,0,0,0
com.gau.go.launcherex.theme.sakuralauncherth,1,0,0,0,0,0,0,0,0,0,0,0,0,0
com.gau.go.launcherex.theme.smokecolors.yang,1,1,0,0,0,0,1,0,0,0,0,0,0,0
com.gau.go.launcherex.theme.sweetie.zt.free,1,1,0,0,0,0,0,0,0,0,0,0,0,0
com.gau.go.launcherex.theme.t3dlaunchernew2017version,1,1,0,0,0,0,0,0,0,0,0,0,0,0
com.gau.go.launcherex.theme.waterdrop,1,1,0,0,0,0,1,0,0,0,0,0,0,0
com.gau.go.launcherex.theme.weedrasta,1,1,0,0,0,0,1,0,0,0,0,0,0,0
com.gau.go.launcherex.theme.zt.Elegant.free,1,1,0,0,0,0,1,0,0,0,0,0,0,0
com.geaxgame.gamezone.texas,1,1,0,0,0,0,1,0,0,0,0,0,0,0
com.generagames.resistance,1,1,0,0,0,0,0,0,0,0,0,0,0,0
com.generagames.soccerstarleaguesfootball,1,1,0,0,0,0,0,0,0,0,0,0,0,0
com.generamobile.headsoccerlaliga,1,0,0,0,0,0,0,0,0,0,0,0,0,0
com.generamobile.soccerlegend,1,1,0,0,0,0,0,0,0,0,0,0,0,0
com.getsomeheadspace.android,1,0,0,0,0,0,0,0,0,0,0,0,0,0
com.giphy.messenger,1,0,0,0,0,0,0,0,0,0,0,0,0,0
com.gismart.realdrum2free,1,1,0,0,0,0,0,0,0,0,0,0,0,0
com.gismart.realpianofree,1,1,0,0,0,0,0,0,0,0,0,0,0,0
com.glidetalk.glideapp,1,0,0,0,0,0,0,0,0,0,0,0,0,0
com.global.foodpanda.android,1,1,1,0,0,0,0,1,0,0,0,0,0,0
com.glu.deerhunt16,1,1,0,0,0,0,0,0,0,0,0,0,0,0
com.glu.deerhunt2,1,1,0,0,0,0,1,0,0,1,0,0,0,0
com.glu.stardomkim,1,1,0,0,0,0,1,0,0,0,0,0,0,0
com.gm.decolar,1,1,1,0,0,0,0,0,0,0,0,0,0,0
com.gm.despegar,1,1,1,0,0,0,0,0,0,0,0,0,0,0
com.gmail.bulupe.Scale,1,1,0,0,0,0,0,0,0,0,0,0,0,0
com.gogii.textplus,1,1,1,1,0,0,0,0,0,0,0,0,0,0
com.goibibo,1,1,0,1,1,0,1,1,0,1,0,0,0,0
com.goodreads,1,0,0,0,0,0,0,0,0,0,0,0,0,0
com.google.android.apps.docs,1,0,0,0,0,0,0,0,0,1,1,0,0,0
com.google.android.apps.docs.editors.docs,0,0,0,0,0,0,0,0,0,1,1,0,0,0
com.google.android.apps.docs.editors.sheets,0,0,0,0,0,0,0,0,0,1,1,0,0,0
com.google.android.apps.docs.editors.slides,0,0,0,0,0,0,0,0,0,1,1,0,0,0
com.google.android.apps.magazines,0,1,0,0,0,0,0,0,0,0,0,0,0,1
com.google.android.apps.maps,0,0,0,0,0,0,0,0,0,1,0,0,0,0
com.google.android.apps.primer,0,0,0,0,0,0,0,0,0,0,0,0,0,0
com.google.android.apps.translate,1,0,0,0,0,0,0,0,0,0,0,0,0,0
com.google.android.apps.walletnfcrel,0,1,0,0,0,0,1,1,1,1,0,0,0,0
com.google.android.apps.youtube.music,1,0,0,0,0,0,0,0,0,0,0,0,0,0
com.google.android.music,1,0,0,0,0,0,0,0,0,1,1,0,0,1
com.google.android.play.games,0,0,0,0,0,0,0,0,0,0,0,0,0,0
com.google.android.videos,0,0,0,0,0,0,0,0,0,0,0,0,0,1
com.google.android.youtube,1,0,0,0,0,0,0,0,0,0,0,0,0,0
com.gopro.smarty,1,1,0,0,0,0,0,1,0,0,0,0,0,0
com.gotv.crackle.handset,1,0,0,1,0,0,0,0,0,0,0,0,0,0
com.gotv.nflgamecenter.us.lite,1,1,1,1,0,1,0,0,1,0,0,0,0,0
com.gramgames.tenten,1,0,0,0,0,0,0,0,0,0,0,0,0,0
com.greenleaf.android.translator.enes.a,1,1,0,0,0,0,0,0,0,0,0,0,0,0
com.greenteagames.dogracing3d,1,1,0,0,0,0,0,0,0,0,0,0,0,0
com.grillgames.guitarrockhero,1,1,0,0,0,0,0,0,0,0,0,0,0,0
com.groupme.android,1,0,0,0,0,0,0,0,0,0,0,0,0,0
com.gs.escape.mission,1,1,0,0,0,0,0,0,0,0,0,0,0,0
com.gsn.android.tripeaks,1,1,0,1,0,1,0,1,0,0,0,0,0,0
com.gta.real.gangster.crime,1,1,0,0,0,0,0,0,0,0,0,0,0,0
com.gtarcade.lod,1,1,0,0,1,0,1,0,0,0,0,0,0,0
com.gto.zero.zboost,1,1,0,0,0,0,0,0,0,0,0,0,0,0
com.h8games.helixjump,1,1,0,1,0,0,0,0,0,0,0,0,0,0
com.halfbrick.dantheman,1,1,0,0,0,0,0,0,0,0,0,0,0,0
com.halfbrick.fruitninjafree,1,1,0,0,0,0,0,0,0,0,0,0,0,0
com.halfbrick.jetpackjoyride,1,1,0,0,0,0,0,0,0,0,0,0,0,0
com.handmark.expressweather,1,1,1,1,0,1,0,0,0,0,0,0,0,0
com.handmark.tweetcaster,1,1,0,0,0,0,0,0,0,0,0,0,0,0
com.handyapps.photoLocker,1,1,0,0,0,0,0,0,0,0,0,0,0,0
com.hapogames.BubbleParadise,1,1,0,0,0,0,0,0,0,0,0,0,0,0
com.hasbro.beybladesenterprise,1,1,0,0,0,0,0,1,0,0,0,0,0,0
com.hbo.hbonow,1,1,0,0,0,0,0,0,0,0,0,0,0,0
com.hbwares.wordfeud.free,1,1,0,0,0,0,0,0,0,0,0,0,0,0
com.hcg.cok.gp,1,1,0,0,0,0,1,1,0,1,0,0,0,0
com.hcom.android,1,1,0,0,0,0,0,0,0,0,0,0,0,0
com.headupgames.bridgeconstructorfreeversion,1,1,0,0,1,0,0,0,0,1,0,1,0,0
com.herocraft.game.farmfrenzy.freemium,1,1,0,0,0,0,0,0,0,0,0,0,0,0
com.hgamesart.catsimulator,1,1,0,0,1,0,0,0,0,1,0,1,0,0
com.hgamesart.ropeboy,1,1,0,1,1,0,0,0,0,1,0,1,0,0
com.hitwe.android,1,1,0,0,0,0,0,0,0,0,0,0,0,0
com.hm.goe,1,0,0,0,0,0,0,0,0,0,0,0,0,0
com.hmallapp,1,1,0,0,0,0,0,0,0,0,0,0,0,0
com.hmobile.biblekjv,1,1,0,0,0,0,0,0,0,0,0,0,0,0
com.hmravens.simplywalking,0,0,0,0,0,0,0,0,0,0,0,0,0,0
com.hmusic.listentrot,0,0,0,0,1,0,0,0,0,0,0,0,0,0
com.hmusic.memory7080,0,0,0,0,1,0,0,0,0,0,0,0,0,0
com.hnsmall,1,1,0,0,0,0,0,0,0,0,0,0,0,0
com.hotheadgames.google.free.ks2,1,1,0,1,0,1,0,1,0,1,0,0,0,0
com.hotheadgames.google.free.rawsniper,1,1,0,1,0,1,0,0,0,1,0,0,0,0
com.hotornot.app,1,0,0,1,0,1,0,0,1,0,0,0,0,0
com.houzz.app,1,1,0,0,0,0,0,0,0,0,0,0,0,0
com.hp.pregnancy.lite,1,0,0,0,0,0,0,0,0,0,0,0,0,0
com.hp.printercontrol,1,0,0,0,0,0,0,0,0,0,0,0,0,0
com.hts.ams,1,1,0,0,0,0,0,0,0,0,0,0,0,0
com.hutchgames.hillclimb,1,1,0,1,0,0,0,0,0,0,0,0,0,0
com.huuuge.casino.slots,1,1,0,0,0,0,0,0,0,0,0,0,0,0
com.hyperkani.bomberfriends,1,1,0,0,0,0,0,0,0,0,0,0,0,0
com.hyperspeed.rocketclean,1,1,1,0,0,0,0,0,0,0,0,0,0,0
com.icenta.sudoku.ui,0,0,0,0,0,0,0,0,0,0,0,0,0,0
com.icloudzone.SpeedNight2,1,0,0,0,0,0,0,0,0,0,0,0,0,0
com.icq.mobile.client,1,1,0,1,1,1,0,0,0,0,0,0,0,0
com.ideacellular.myidea,1,1,0,0,0,0,1,0,0,0,0,0,0,0
com.ideashower.readitlater.pro,1,1,0,0,0,0,0,1,0,0,0,0,0,0
com.idleif.abyssrium,1,1,0,0,0,0,0,0,0,0,0,0,0,0
com.igg.android.lordsmobile,1,0,0,0,0,0,0,0,0,0,0,0,0,0
com.igg.bzbee.deckheroes,1,1,0,0,0,0,0,1,0,0,0,0,0,0
com.igg.castleclash,1,1,0,0,0,0,0,1,0,0,0,0,0,0
com.igg.castleclash_de,1,0,0,0,0,0,0,0,0,0,0,0,0,0
com.igg.castleclash_es,1,0,0,0,0,0,0,0,0,0,0,0,0,0
com.igg.castleclash_fr,1,0,0,0,0,0,0,0,0,0,0,0,0,0
com.igg.castleclash_id,1,1,0,0,0,0,0,0,0,0,0,0,0,0
com.igg.castleclash_it,1,0,0,0,0,0,0,0,0,0,0,0,0,0
com.igg.castleclash_jp,1,1,0,0,0,0,0,0,0,0,0,0,0,0
com.igg.castleclash_kr,1,1,0,0,0,0,0,0,0,0,0,0,0,0
com.igg.castleclash_pt,1,0,0,0,0,0,0,0,0,0,0,0,0,0
com.igg.castleclash_ru,1,0,0,0,0,0,0,0,0,0,0,0,0,0
com.igg.castleclash_th,1,1,0,0,0,0,0,0,0,0,0,0,0,0
com.igg.castleclash_tr,1,1,0,0,0,0,0,0,0,0,0,0,0,0
com.igg.castleclash_tw,1,1,0,0,0,0,0,0,0,0,0,0,0,0
com.igg.clashoflords2,1,1,0,0,0,0,0,0,0,0,0,0,0,0
com.igg.clashoflords2_de,1,0,0,0,0,0,0,0,0,0,0,0,0,0
com.igg.clashoflords2_fr,1,0,0,0,0,0,0,0,0,0,0,0,0,0
com.igg.clashoflords2_ru,1,1,0,0,0,0,0,0,0,0,0,0,0,0
com.igg.pokerdeluxe,1,1,0,0,0,0,1,0,0,0,0,0,0,0
com.ihandysoft.ledflashlight.mini,1,1,0,0,0,0,0,0,0,0,0,0,0,0
com.ijinshan.kbatterydoctor_en,1,1,0,0,0,0,0,0,0,0,0,0,0,0
com.ikeyboard.emoji.emojione,1,1,0,0,0,0,0,0,0,0,0,0,0,0
com.ikeyboard.theme.petal,1,1,0,0,0,0,0,0,0,0,0,0,0,0
com.ilmeteo.android.ilmeteo,1,0,0,0,0,0,0,0,0,0,0,0,0,0
com.imangi.templerun,1,0,0,0,0,0,0,0,0,0,0,0,0,0
com.imangi.templerun2,1,0,0,0,0,0,0,0,0,0,0,0,0,0
com.imdb.mobile,1,0,0,0,0,0,0,0,0,0,0,0,0,0
com.indeed.android.jobsearch,1,0,0,0,0,0,0,0,0,0,0,0,0,0
com.indigokids.mashakasha,1,1,0,0,0,0,0,0,0,0,0,0,0,0
com.indigokids.mim,1,1,0,0,0,0,0,0,0,0,0,0,0,0
com.indigokids.mimdoctor,1,1,0,0,0,0,0,0,0,0,0,0,0,0
com.inditex.zara,1,1,1,0,0,0,0,0,0,0,0,0,0,0
com.innogames.foeandroid,1,1,0,0,0,0,0,0,0,0,0,0,0,0
com.instagram.android,0,1,0,0,0,0,0,1,0,0,0,0,0,0
com.instagram.boomerang,0,1,0,0,0,0,0,1,0,0,0,0,0,0
com.intsig.BCRLite,1,0,0,0,0,0,0,1,0,0,0,0,0,0
com.intsig.camscanner,1,1,0,0,0,0,1,0,0,0,0,0,0,0
com.istomgames.engine,1,1,0,0,0,0,0,0,0,0,0,0,0,0
com.itau,1,1,1,0,0,0,0,0,0,0,0,0,0,0
com.itau.applight,1,1,0,0,0,0,0,0,0,0,0,0,0,0
com.itau.empresas,1,1,0,0,0,0,0,0,0,0,0,0,0,0
com.itaucard.activity,1,1,0,0,0,0,0,0,0,0,0,0,0,0
com.itchmedia.ta3,1,1,1,0,0,0,0,0,0,0,0,0,0,0
com.jabong.android,1,1,1,0,0,0,0,0,0,0,0,0,0,0
com.jaumo.prime,1,1,0,0,0,0,1,1,0,0,0,0,0,0
com.jb.gokeyboard.theme.twamericankeyboard,1,0,0,0,0,0,0,0,0,0,0,0,0,0
com.jb.gokeyboard.theme.twneonbutterflieskeyboard,1,0,0,0,0,0,0,0,0,0,0,0,0,0
com.jellyblast.cmcm,1,1,0,0,1,0,0,0,0,0,0,0,0,0
com.jellybtn.cashkingmobile,1,1,0,0,0,0,0,0,0,0,0,0,0,0
com.jio.myjio,1,1,0,1,0,0,1,1,0,0,0,0,0,0
com.joelapenna.foursquared,1,1,1,0,0,0,0,0,0,0,0,0,0,0
com.jollycorp.jollychic,1,0,0,0,0,0,0,0,0,0,0,0,0,0
com.joom,1,1,0,0,0,0,0,0,0,0,0,1,0,0
com.joycity.warshipbattle,1,1,0,0,0,0,0,0,0,0,0,0,0,0
com.joyjourney.PianoWhiteGo,1,0,0,0,0,0,1,0,0,0,0,0,0,0
com.jrdcom.filemanager,1,1,0,0,1,0,0,1,0,0,0,0,0,0
com.js.ludo,1,1,0,0,0,0,0,0,0,0,0,0,0,0
com.jsdev.instasize,1,1,0,0,0,0,0,0,0,0,0,0,0,0
com.jumia.android,1,1,0,0,0,0,0,0,0,0,0,0,0,0
com.junerking.archery,1,1,0,0,0,0,0,0,0,0,0,0,0,0
com.junglerunnazara.com.junglerun.nazara,1,1,1,1,1,1,0,0,0,0,0,0,0,0
com.k3games.babyfashiontailor2.free,1,1,0,0,0,0,0,0,0,0,0,0,0,0
com.kabam.bigrobot,1,1,0,0,0,0,0,0,0,0,0,0,0,0
com.kabam.marvelbattle,1,0,0,0,0,0,0,0,0,0,0,0,0,0
com.kakao.story,1,0,0,0,0,0,0,0,0,0,0,0,0,0
com.kakao.talk,0,0,0,0,0,0,0,0,0,0,0,0,0,0
com.kamagames.pokerist,1,1,0,0,0,0,1,1,0,0,0,0,0,0
com.kathleenOswald.solitaireGooglePlay,1,1,0,0,0,0,0,0,0,0,0,0,0,0
com.kauf.talking.baum.TalkingBabsyBaby,1,1,0,0,0,0,0,0,0,0,0,0,0,0
com.kdanmobile.android.pdfreader.google.pad,1,1,0,0,0,0,0,0,0,0,0,0,0,0
com.ketchapp.knifehit,1,1,0,0,0,0,0,0,0,0,0,0,0,0
com.ketchapp.stack,1,0,0,0,0,0,0,0,0,0,0,0,0,0
com.keyboard.font.theme.emoji,1,1,1,0,0,0,0,0,0,0,0,0,0,0
com.kidgame.supermarket,1,1,0,0,0,0,0,0,0,0,0,0,0,0
com.kidsthree.dentist,1,1,0,0,1,0,0,0,0,0,0,0,0,0
com.kidsthree.princessfashionsalon,1,1,0,0,0,0,0,0,0,0,0,0,0,0
com.kii.safe,1,1,0,0,0,0,0,0,0,1,0,0,0,0
com.kiloo.subwaysurf,1,1,0,0,0,0,0,0,0,0,0,0,0,0
com.king.alphabettysaga,1,1,0,0,0,0,0,1,0,0,0,0,0,0
com.king.blossomblast,1,1,0,0,1,0,0,0,0,0,0,0,0,0
com.king.bubblewitch3,1,1,0,0,0,0,0,1,0,0,0,0,0,0
com.king.candycrushjellysaga,1,1,0,0,0,0,0,1,0,0,0,0,0,0
com.king.candycrushsaga,1,1,0,0,0,0,0,1,0,0,0,0,0,0
com.king.candycrushsodasaga,1,1,0,0,0,0,0,1,0,0,0,0,0,0
com.king.farmheroessaga,1,1,0,0,0,0,0,1,0,0,0,0,0,0
com.king.farmheroessupersaga,1,1,0,0,0,0,0,1,0,0,0,0,0,0
com.king.paradisebay,1,1,0,0,0,0,0,0,0,0,0,0,0,0
com.king.petrescuesaga,1,1,0,0,0,0,0,1,0,0,0,0,0,0
com.king.pyramidsolitairesaga,1,1,0,0,0,0,0,1,0,0,0,0,0,0
com.kiragames.unblockmefree,1,1,0,0,0,0,0,0,0,0,0,0,0,0
com.kiwi.shipwrecked,1,1,0,0,0,0,1,0,0,0,0,0,0,0
com.kiwi.westbound,1,0,0,0,0,0,0,0,0,0,0,0,0,0
com.km.cutpaste.util,0,0,0,1,0,0,0,0,0,0,0,0,0,0
com.knights.bikesstunt.motomaster,1,1,0,0,0,0,0,0,0,0,0,0,0,0
com.kobobooks.android,1,1,0,0,0,0,0,0,0,0,0,0,0,0
com.kokteyl.mackolik,1,1,1,0,0,0,0,0,0,0,0,0,0,0
com.kongregate.mobile.adventurecapitalist.google,1,1,0,0,1,0,0,0,0,0,0,0,0,0
com.konylabs.capitalone,1,1,0,0,0,0,0,0,0,0,0,0,0,0
com.koyokiservices.FoF,1,1,0,0,0,0,0,0,0,0,0,0,0,0
com.ksmobile.launcher.theme.neonlife,1,0,0,0,0,0,0,0,0,0,0,0,0,0
com.ksmobile.launcher.theme.t102791139,1,1,0,0,0,0,0,0,0,0,0,0,0,0
com.kvadgroup.photostudio,1,1,0,0,0,0,0,0,0,0,0,0,0,0
com.kwai.video,1,1,1,0,1,0,1,1,0,0,0,0,0,0
com.labexception.cartrafficrace,1,0,0,0,0,0,0,0,0,0,0,0,0,0
com.labexception.truckdrivercargo,1,0,0,0,0,0,0,0,0,0,0,0,0,0
com.lazada.android,1,1,1,0,1,1,1,1,0,0,0,0,1,0
com.ldw.virtualfamilies2,1,1,0,0,0,0,0,0,0,0,0,0,0,0
com.leftover.CoinDozer,1,1,0,1,0,0,0,0,0,0,0,0,0,0
com.lemongame.klondike.solitaire,1,1,0,0,0,0,0,0,0,0,0,0,0,0
com.lenovo.anyshare.gps,1,1,1,0,1,0,1,0,0,0,0,0,0,0
com.lenovo.serviceit,0,0,0,0,0,0,1,0,0,0,0,0,0,0
com.leodesol.games.classic.maze.labyrinth,1,0,0,0,0,0,0,0,0,0,0,0,0,0
com.libii.frozenparty,1,1,0,0,1,0,0,0,0,0,0,0,0,0
com.life360.android.safetymapd,1,1,1,0,0,0,0,0,1,0,0,0,0,0
com.lightx,1,0,0,0,0,0,0,0,0,0,0,0,0,0
com.lima.doodlejump,1,1,1,0,0,0,0,0,0,0,0,0,0,0
com.lima.doodlejumpeaster,1,1,0,0,0,0,0,0,0,0,0,0,0,0
com.linecorp.LGBB2,1,0,0,0,0,0,0,0,0,0,0,0,0,0
com.linecorp.LGTMTMG,1,0,0,0,0,0,0,0,0,0,0,0,0,0
com.linecorp.b612.android,1,1,0,0,0,0,0,0,0,0,0,0,0,0
com.linecorp.foodcam.android,1,1,0,0,0,0,0,0,0,0,0,0,0,0
com.link.messages.sms,1,1,0,0,0,0,0,1,0,0,0,0,0,0
com.linkdesks.iBubble,1,1,0,0,0,0,0,0,0,0,0,0,0,0
com.linkdesks.jewellegend,1,0,0,0,1,0,0,0,0,0,0,0,0,0
com.linkedin.android,1,1,0,0,0,0,0,0,0,0,0,0,0,0
com.linkedin.android.jobs.jobseeker,1,0,0,0,0,0,0,0,0,0,0,0,0,0
com.linkedin.android.learning,1,0,0,0,0,0,0,0,0,0,0,0,0,0
com.lionmobi.battery,1,1,0,0,0,0,0,0,0,0,0,0,0,0
com.lionmobi.flashlight,1,1,0,0,0,0,0,0,0,0,0,0,0,0
com.lionmobi.netmaster,1,1,1,0,0,0,1,0,0,0,0,0,0,0
com.lionmobi.powerclean,1,1,0,0,0,0,0,0,0,0,0,1,0,0
com.livescore,1,1,0,0,0,0,0,0,0,0,0,0,0,0
com.locationlabs.cni.att,1,1,0,0,0,0,0,0,0,0,0,0,0,0
com.lockwoodpublishing.avakinlife,1,1,0,0,0,0,0,0,0,0,0,0,0,0
com.locnall.KimGiSa,1,1,0,0,0,0,0,0,0,0,0,0,0,0
com.lonelycatgames.Xplore,0,0,0,0,0,0,0,0,0,0,0,0,0,0
com.longtech.lastwars.gp,1,1,0,0,0,0,0,0,0,0,0,0,0,0
com.lookout,1,1,0,0,0,0,0,0,0,0,0,0,0,0
com.lookout.heartbleeddetector,0,0,0,0,0,0,0,0,0,0,0,0,0,0
com.lookout.stagefrightdetector,0,0,0,0,0,0,0,0,0,0,0,0,0,0
com.lt.latte.brick,1,1,0,0,0,0,0,0,0,0,0,0,0,0
com.lucasarts.starts_goo,1,0,0,0,0,0,0,0,0,0,0,0,0,0
com.ludashi.dualspace,1,0,0,0,0,0,0,0,0,0,0,0,0,0
com.ludia.dragons,1,1,0,0,0,0,0,0,0,0,0,0,0,0
com.ludia.jurassicworld,1,1,0,0,0,0,0,0,0,0,0,0,0,0
com.luizalabs.mlapp,1,1,1,0,0,0,0,1,0,0,0,0,0,0
com.lumoslabs.lumosity,1,0,1,0,0,0,0,0,0,0,0,0,0,0
com.lyrebirdstudio.collage,1,0,0,0,0,0,0,0,0,0,0,0,0,0
com.lyrebirdstudio.colorizer.lite,1,0,0,0,0,0,0,0,0,0,0,0,0,0
com.lyrebirdstudio.mirror,1,0,0,0,0,0,0,0,0,0,0,0,0,0
com.lyrebirdstudio.mirror_collage,1,0,0,0,0,0,0,0,0,0,0,0,0,0
com.lyrebirdstudio.montagenscolagem,1,0,0,0,0,0,0,0,0,0,0,0,0,0
com.lyrebirdstudio.nocrop,1,0,0,0,0,0,0,0,0,0,0,0,0,0
com.lyrebirdstudio.photocollageeditor,1,0,0,0,0,0,0,0,0,0,0,0,0,0
com.machinezone.gow,1,0,0,0,0,0,0,0,0,0,0,0,0,0
com.madfingergames.deadtrigger2,1,1,0,0,0,0,0,0,0,0,0,0,0,0
com.madfingergames.unkilled,1,0,0,0,0,0,0,0,0,0,0,0,0,0
com.magicv.airbrush,1,1,0,0,0,0,0,0,0,0,0,0,0,0
com.magisto,1,1,0,1,0,0,0,0,0,0,0,0,0,0
com.magix.android.mmjam,1,1,0,0,0,0,0,0,0,0,0,0,0,0
com.magix.camera_mx,0,1,0,0,0,0,0,0,0,0,0,0,0,0
com.magmamobile.game.Plumber2,1,1,0,0,0,0,0,0,0,0,0,0,0,0
com.magmamobile.game.Squadron,1,1,0,0,0,0,0,0,0,0,0,0,0,0
com.magmamobile.game.Squadron1945,1,1,0,0,0,0,0,0,0,0,0,0,0,0
com.makemytrip,1,1,1,0,0,0,0,0,0,0,0,0,0,0
com.makingfun.mageandminions,1,1,0,0,0,0,0,0,0,0,0,0,0,0
com.mapswithme.maps.pro,1,0,1,0,0,0,0,0,0,0,0,0,0,0
com.marblelab.jungle.monkey,1,1,1,0,0,0,1,0,0,0,0,0,0,0
com.mario.bros.adventure.free,1,0,0,0,0,0,1,0,0,0,0,0,0,0
com.masomo.headball2,1,1,0,0,0,0,0,0,0,0,0,0,0,0
com.match.android.matchmobile,1,1,0,0,0,0,0,0,0,0,0,0,0,0
com.mattel.barbiesparkleblastkids,1,1,0,0,0,0,0,0,0,0,0,0,0,0
com.maxgames.stickwarlegacy,1,1,0,0,0,0,0,0,0,0,0,0,0,0
com.mcdo.mcdonalds,1,1,0,0,0,0,0,0,0,0,0,0,0,0
com.mcdonalds.app,1,1,0,1,0,1,0,0,0,0,0,0,0,0
com.mcdonalds.mobileapp,1,1,0,0,0,0,0,0,0,0,0,0,0,0
com.medibang.android.paint.tablet,1,0,0,0,0,0,0,0,0,0,0,0,0,0
com.megogo.application,1,1,0,1,0,1,0,0,0,0,0,0,0,0
com.meihillman.photocollage,1,0,0,0,0,0,0,0,0,0,0,0,0,0
com.meitu.beautyplusme,1,1,1,0,0,0,1,0,0,0,0,0,0,0
com.meitu.makeup,1,1,0,0,1,0,1,0,0,0,0,0,1,0
com.meitu.meiyancamera,1,1,0,0,1,0,1,0,0,0,0,0,1,0
com.melesta.coffeeshop,1,0,0,0,0,0,0,0,0,0,0,0,0,0
com.melodis.midomiMusicIdentifier.freemium,1,1,1,0,0,0,0,0,0,0,0,0,0,0
com.mercadolibre,1,1,1,0,0,0,0,1,0,0,0,0,0,0
com.mercariapp.mercari,1,1,1,0,0,0,0,0,0,0,0,1,0,0
com.merriamwebster,1,1,1,0,0,0,0,0,0,0,0,0,0,0
com.metago.astro,0,0,0,0,0,0,0,0,0,0,0,0,0,0
com.metropcs.metrozone,0,0,0,0,0,0,0,0,0,0,0,0,0,0
com.mgc.stickman.rope.hero,1,1,0,0,0,0,0,0,0,0,0,0,0,0
com.mgc.stickman.rope.hero.two,1,1,0,0,0,0,0,0,0,0,0,0,0,0
com.mi.android.globalFileexplorer,1,0,0,0,0,0,0,0,0,0,0,0,0,0
com.mico,1,1,0,0,0,0,1,0,1,0,0,0,0,0
com.mico.roam,1,1,0,0,0,0,0,0,0,0,0,0,0,0
com.microblink.photomath,0,1,0,0,0,0,0,0,0,0,0,0,0,0
com.microsoft.launcher,1,1,1,0,0,0,0,0,0,0,0,0,0,0
com.microsoft.office.excel,0,1,0,0,0,0,0,0,0,1,0,0,0,0
com.microsoft.office.lync15,0,1,0,0,0,0,0,0,0,0,0,0,0,0
com.microsoft.office.officelens,0,1,0,0,0,0,0,0,0,0,0,0,0,0
com.microsoft.office.onenote,0,1,0,0,0,0,0,0,0,0,0,0,0,0
com.microsoft.office.outlook,1,1,0,0,0,0,0,0,0,0,0,0,0,0
com.microsoft.office.powerpoint,1,1,0,0,0,0,0,0,0,1,0,0,0,0
com.microsoft.office.word,0,1,0,0,0,0,0,0,0,1,0,0,0,0
com.microsoft.skydrive,1,1,0,0,0,0,0,0,0,1,0,0,0,0
com.microsoft.xboxone.smartglass,1,1,0,0,0,0,0,0,1,0,0,0,0,0
com.microsoft.xboxone.smartglass.beta,1,1,0,0,0,0,0,0,1,0,0,0,0,0
com.midasplayer.apps.bubblewitchsaga2,1,1,0,0,0,0,0,1,0,0,0,0,0,0
com.midasplayer.apps.diamonddiggersaga,1,1,0,0,0,0,0,1,0,0,0,0,0,0
com.midasplayer.apps.papapearsaga,1,1,0,0,0,0,0,1,0,0,0,0,0,0
com.mindblocks.blocks_light,1,1,0,0,0,0,0,0,0,0,0,0,0,0
com.minicades.stockcars,1,1,0,0,0,0,0,0,0,0,0,0,0,0
com.miniclip.agar.io,1,1,0,1,0,0,0,0,0,0,0,0,0,0
com.miniclip.archery,1,1,0,0,0,0,0,0,0,0,0,0,0,0
com.miniclip.basketballstars,1,0,0,0,0,0,0,0,0,0,0,0,0,0
com.miniclip.diep.io,1,0,0,0,0,0,0,0,0,0,0,0,0,0
com.miniclip.eightballpool,1,1,0,1,0,0,0,0,0,0,0,0,0,0
com.miniclip.footballstrike,1,0,0,0,0,0,0,0,0,0,0,0,0,0
com.miniclip.plagueinc,1,1,0,0,0,0,0,0,0,0,0,0,0,0
com.miniclip.soccerstars,1,1,0,0,0,0,0,0,0,0,0,0,0,0
com.minimo.miniracingadventures,1,0,0,0,1,0,0,0,0,0,0,0,0,0
com.mizmowireless.acctmgt,1,1,0,0,0,0,0,0,0,0,0,0,0,0
com.mobile.bizo.reverse,1,0,0,0,0,0,0,0,0,0,0,0,0,0
com.mobile.legends,1,1,0,0,0,0,1,0,1,0,0,1,0,0
com.mobilefootie.wc2010,1,1,0,0,0,0,0,0,0,0,0,0,0,0
com.mobileguru.candyfever.free,1,1,0,0,1,0,1,0,0,0,0,0,0,0
com.mobileguru.fruitsbomb.free,1,0,0,0,1,0,1,0,0,0,0,0,0,0
com.mobilemotion.dubsmash,0,0,0,0,0,0,0,0,0,0,0,0,0,0
com.mobileposse.client,1,1,0,0,0,0,1,1,0,0,0,0,1,0
com.mobiles.numberbookdirectory,1,1,0,0,0,0,0,0,0,0,0,0,0,0
com.mobilesrepublic.appy,1,1,0,0,0,0,0,1,0,0,0,0,0,0
com.mobilityware.freecell,1,1,0,0,0,0,0,0,0,0,0,0,0,0
com.mobilityware.solitaire,1,1,0,0,0,0,0,0,0,0,0,0,0,0
com.mobilityware.spider,1,1,0,0,0,0,0,0,0,0,0,0,0,0
com.mobirix.blockpuzzle,1,0,0,0,0,0,0,0,0,0,0,0,0,0
com.mobirix.fishinghook,1,1,0,0,0,0,0,0,0,0,0,0,0,0
com.mobirix.playmaze,1,0,0,0,0,0,0,0,0,0,0,0,0,0
com.mobirix.shotingking,1,1,0,0,0,0,0,0,0,0,0,0,0,0
com.mobirix.slideking,1,0,0,0,0,0,0,0,0,0,0,0,0,0
com.mobisystems.editor.office_with_reg,1,0,0,0,0,0,0,0,0,0,0,0,0,0
com.mobisystems.fileman,1,0,0,0,0,0,0,0,0,0,0,0,0,0
com.mobisystems.msdict.embedded.wireless.oxford.dictionaryofenglish,1,0,0,0,0,0,0,0,0,0,0,0,0,0
com.mobisystems.office,0,0,0,0,0,0,0,0,0,0,0,0,0,0
com.mobond.mindicator,1,0,0,0,0,0,0,0,0,0,0,0,0,0
com.mochibits.hexario.google,1,1,0,0,0,0,0,0,0,0,0,0,0,0
com.moonactive.coinmaster,1,1,0,0,0,0,0,0,0,0,0,0,0,0
com.moonton.magicrush,1,1,0,0,0,0,0,0,0,0,0,0,0,0
com.moose.shopville,1,1,0,0,0,0,0,0,0,0,0,0,0,0
com.motorbike.driving.simulator,1,1,0,0,0,0,0,0,0,0,0,0,0,0
com.mountain.sniper.shooting.ray,1,1,0,0,1,0,0,0,0,0,0,0,0,0
com.move.realtor,1,1,1,0,0,0,0,0,0,0,0,0,0,0
com.moviecity.app,1,1,0,0,0,0,0,0,0,0,0,0,0,0
com.movile.playkids,1,1,0,0,0,0,0,0,0,0,0,0,0,0
com.mrnumber.blocker,1,1,0,0,0,0,0,0,0,0,0,0,0,0
com.msf.kbank.mobile,0,0,0,0,0,0,0,0,0,0,0,0,0,0
com.msi.logogame,1,0,0,0,0,0,0,0,0,0,0,0,0,0
com.mtsfreegames.trainracingmultiplayer,1,1,0,0,0,0,0,0,0,0,0,0,0,0
com.mttnow.droid.easyjet,1,1,0,0,0,0,0,0,0,0,0,0,0,0
com.mufumbo.android.recipe.search,1,0,0,0,0,0,0,0,0,0,0,0,0,0
com.musicheroesrevenge.pianochallenge2,1,1,0,0,0,0,0,0,0,0,0,0,0,0
com.musicplayer.player.mp3player.white,1,0,0,0,0,0,0,0,0,0,0,0,0,0
com.musicstreaming.freemusic,1,0,0,0,0,0,0,0,0,0,0,0,0,0
com.musixmatch.android.lyrify,1,1,0,0,0,0,0,0,0,0,0,0,0,0
com.mventus.selfcare.activity,1,1,0,0,0,0,0,0,0,0,0,0,0,0
com.mw.rouletteroyale,1,1,0,0,0,0,0,0,0,0,0,0,0,0
com.mx.browser,0,1,1,0,1,0,1,0,0,0,0,0,1,0
com.mxtech.videoplayer.ad,1,1,0,0,0,0,0,0,0,0,0,0,0,0
com.my.hc.rpg.kingdom.simulator,1,1,0,1,1,1,0,0,0,0,0,0,0,0
com.myfitnesspal.android,1,0,1,0,0,0,0,0,0,0,0,0,0,0
com.myntra.android,1,1,1,0,0,0,0,0,0,0,0,0,0,0
com.myyearbook.m,1,1,1,0,0,0,0,0,0,0,0,0,0,0
com.namcobandaigames.pacmantournaments,1,1,0,0,0,0,0,0,0,0,0,0,0,0
com.narvii.amino.master,1,1,1,0,0,0,0,1,0,0,0,0,1,0
com.nate.android.portalmini,1,1,0,0,0,0,0,0,0,0,0,0,0,0
com.naturalmotion.customstreetracer2,1,1,0,0,0,0,0,0,0,0,0,0,0,0
com.naver.linewebtoon,1,1,0,0,0,0,0,0,0,0,0,0,0,0
com.naver.vapp,1,0,0,0,0,0,0,0,0,0,0,0,0,0
com.navigation.offlinemaps.gps,1,1,0,1,0,1,0,0,0,0,0,0,0,0
com.nbadigital.gametimelite,1,1,0,0,0,0,0,1,0,0,0,0,0,0
com.nekki.shadowfight3,1,1,0,0,0,0,0,0,0,0,0,0,0,0
com.netease.chiji,1,1,0,0,0,0,0,0,0,0,0,0,0,0
com.netease.ko,1,1,0,0,0,0,1,0,0,0,0,0,0,0
com.netflix.mediaclient,0,0,0,0,0,0,0,0,0,0,0,0,0,0
com.netmarble.mherosgb,1,1,0,0,0,0,0,0,0,0,0,0,0,0
com.netmarble.sknightsgb,1,1,0,1,0,0,0,0,0,0,0,0,0,0
com.netqin.mm,1,1,0,0,0,0,0,0,0,0,0,1,0,0
com.nevosoft.mylittleplanet,1,0,0,0,0,0,0,0,0,0,0,0,0,0
com.nexonm.dominations.adk,1,1,0,0,0,0,1,0,0,0,0,0,0,0
com.nexstreaming.app.kinemasterfree,1,0,0,0,0,0,0,0,0,0,0,0,0,0
com.nextgames.android.twd,1,1,0,0,0,0,0,0,0,0,0,0,0,0
com.nextradioapp.nextradio,1,1,1,0,1,0,0,0,0,0,0,0,0,0
com.nextwave.wcc2,1,1,1,0,0,0,0,0,0,0,0,0,0,0
com.ngame.allstar.eu,1,1,1,0,1,0,1,1,0,0,0,0,0,0
com.nhn.android.navercafe,1,1,0,0,0,0,0,0,0,0,0,0,0,0
com.nhn.android.naverplayer,1,1,0,0,0,0,0,0,0,0,0,0,0,0
com.nhn.android.ndrive,0,1,0,0,0,0,0,0,0,0,0,0,0,0
com.nhn.android.search,1,1,0,0,0,0,0,0,0,0,0,0,0,0
com.nhn.android.webtoon,1,1,0,1,0,0,0,0,0,0,0,0,0,0
com.nianticlabs.pokemongo,1,0,0,0,0,0,0,0,0,0,0,0,0,0
com.nianticproject.ingress,1,0,0,0,0,0,0,0,0,0,0,0,0,0
com.nickonline.android.nickapp,0,1,0,0,0,0,0,0,0,0,0,0,0,0
com.nike.ntc,1,1,0,0,0,0,0,0,0,0,0,0,0,0
com.nike.plusgps,1,1,0,0,0,0,0,0,0,0,0,0,0,0
com.nimbuzz,1,1,1,0,0,0,1,0,0,0,0,0,0,0
com.ninemgames.tennis.google,1,1,0,0,0,0,0,0,0,0,0,0,0,0
com.ninjakiwi.bftg,1,1,0,1,0,1,0,0,0,0,0,0,0,0
com.ninjakiwi.bloonstdbattles,1,1,0,0,1,0,0,0,0,0,0,0,0,0
com.nintendo.zaca,1,0,0,0,0,0,0,0,0,0,0,0,0,0
com.nono.android,1,1,0,0,1,0,1,0,0,0,0,0,0,1
com.nordcurrent.Games101in1Anthology,1,1,0,0,0,0,1,0,0,0,0,0,0,0
com.nordcurrent.canteenhd,1,1,0,0,0,0,0,0,0,0,0,0,0,0
com.nordcurrent.sniperarena,1,1,0,0,0,0,0,0,0,0,0,0,0,0
com.northghost.touchvpn,1,1,0,1,0,0,0,0,0,0,0,0,0,0
com.northpark.beautycamera,1,1,0,0,0,0,0,0,0,0,0,0,0,0
com.northpark.drinkwater,1,1,0,0,0,0,0,0,0,0,0,0,0,0
com.notdoppler.crashofcars,1,1,0,0,0,0,0,0,0,0,0,0,0,0
com.nrsmagic.shooter,1,0,0,0,0,0,0,0,0,0,0,0,0,0
com.nukeboxstudios.foodtruckchef,1,1,0,0,0,0,0,0,0,0,0,0,0,0
com.nway.powerrangerslegacywars,1,1,0,0,0,0,0,0,0,0,0,0,0,0
com.nytimes.android,1,1,0,0,0,0,0,1,0,0,0,0,0,0
com.nzn.tdg,1,1,1,0,0,0,0,0,0,0,0,0,0,0
com.offerup,1,1,1,0,0,0,0,0,0,0,0,0,0,0
com.ogien.trainsim,1,1,0,0,0,0,0,0,0,0,0,0,0,0
com.ogqcorp.bgh,1,0,1,0,0,0,0,0,0,0,0,0,0,0
com.ohbibi.sup,1,1,0,0,0,0,0,0,0,0,0,0,0,0
com.okcupid.okcupid,1,1,1,0,0,0,0,0,0,0,0,0,0,0
com.olxmena.horizontal,1,1,1,0,0,0,0,0,0,1,0,0,0,0
com.omgpop.dstfree,1,1,0,0,0,0,0,0,0,0,0,0,0,0
com.one1line.onetouch.onestroke.dotgame,1,1,0,0,0,0,0,0,0,0,0,0,0,0
com.oneapp.max,1,1,1,0,0,0,0,0,0,0,0,0,0,0
com.onecwireless.mahjong,1,0,0,0,0,0,0,0,0,0,0,0,0,0
com.onecwireless.mahjong2.free,1,0,0,0,0,0,0,0,0,0,0,0,0,0
com.onecwireless.mahjong3.google.free,0,0,0,0,0,0,0,0,0,0,0,0,0,0
com.onecwireless.mahjongvillage.google.free,1,0,0,0,0,0,0,0,0,0,0,0,0,0
com.onegogo.explorer,1,1,1,0,0,0,0,0,0,0,0,0,0,0
com.onehundredpics.onehundredpicsquiz,1,1,0,1,0,0,0,0,0,0,0,0,0,0
com.onexsoftech.flowerphotoframes,1,0,0,0,0,0,0,0,0,0,0,0,0,0
com.opalastudios.pads,1,1,0,0,0,0,0,0,0,0,0,0,0,0
com.opensooq.OpenSooq,1,1,0,0,0,0,0,0,0,0,0,0,0,0
com.opera.app.news,1,1,1,0,0,0,1,0,0,0,0,0,0,0
com.opera.browser,1,1,0,0,0,0,1,0,0,0,0,0,0,0
com.opera.browser.beta,1,1,0,0,0,0,1,0,0,0,0,0,0,0
com.opera.mini.native,1,1,0,0,0,0,1,0,0,0,0,0,0,0
com.opera.mini.native.beta,1,1,1,0,0,0,1,0,0,0,0,0,0,0
com.orbital.brainiton,1,1,0,0,0,0,0,0,0,0,0,0,0,0
com.outerminds.tubular,1,1,0,0,0,0,0,0,0,0,0,0,0,0
com.outfit7.mytalkingangelafree,1,1,0,0,0,0,0,1,0,0,0,0,0,0
com.outfit7.mytalkingtomfree,1,1,0,0,0,0,0,0,0,0,0,0,0,0
com.outfit7.talkingtomgoldrun,1,1,0,1,0,0,0,1,0,0,0,0,0,0
com.outfit7.talkingtompool,1,1,0,0,0,0,0,1,0,0,0,0,0,0
com.outplayentertainment.aliencreeps,1,0,0,0,0,0,0,0,0,0,0,0,0,0
com.outthinking.imageblur,1,0,0,0,0,0,0,0,0,0,0,0,0,0
com.outthinking.photo,1,0,0,0,0,0,0,0,0,0,0,0,0,0
com.outthinking.photocollage,1,0,0,0,0,0,0,0,0,0,0,0,0,0
com.outthinking.photoeditorspace,1,0,0,0,0,0,0,0,0,0,0,0,0,0
com.outthinking.selfie_camera,1,1,0,0,0,0,0,0,0,0,0,0,0,0
com.ovelin.guitartuna,1,1,0,0,0,0,0,0,0,0,0,0,0,0
com.ovilex.eurotruckdriver,1,1,0,0,0,0,0,0,0,0,0,0,0,0
com.oyo.consumer,1,1,1,0,0,0,1,0,0,0,0,0,0,0
com.pacificinteractive.HouseOfFun,1,1,0,0,0,0,0,0,0,0,0,0,0,0
com.pagesjaunes,1,1,1,0,0,0,0,0,0,0,0,0,0,0
com.pandora.android,1,1,0,0,0,0,0,0,0,0,0,0,0,0
com.pas.webcam,1,0,0,0,0,0,0,0,0,0,0,0,0,0
com.paypal.android.p2pmobile,1,1,0,1,0,0,0,0,0,0,0,1,0,0
com.paytmmall,1,1,1,0,0,0,1,0,0,0,0,0,0,0
com.pdf.reader.viewer.scanner,1,0,0,0,0,0,0,0,0,0,0,0,0,0
com.peacock.flashlight,1,1,0,0,0,0,0,0,0,0,0,0,0,0
com.pennypop.monsters.live,1,1,0,0,0,0,0,0,0,0,0,0,0,0
com.peoplefun.wordcross,1,1,0,0,0,0,0,0,0,0,0,0,0,0
com.perblue.dragonsoul,1,1,0,0,0,0,1,0,0,1,0,0,0,0
com.perfectcorp.ycn,1,0,0,0,0,0,0,0,0,0,0,0,0,0
com.period.tracker.lite,1,0,0,0,0,0,0,0,0,0,0,0,0,0
com.perm.kate_new_6,0,1,0,0,0,0,0,0,0,0,0,0,0,0
com.piano.music_tiles,1,1,0,1,0,1,0,0,0,0,0,0,0,0
com.pic.mycamera,1,1,0,0,0,0,0,0,0,0,0,0,0,0
com.pic.photoeditor,1,1,0,0,0,0,0,0,0,0,0,0,0,0
com.picmix.mobile,1,1,0,0,0,0,0,0,0,0,0,0,0,0
com.picsart.studio,1,1,1,0,0,0,0,0,0,0,0,0,0,0
com.pikpok.dr2.play,1,1,0,0,0,0,0,0,0,0,0,0,0,0
com.ping9games.sanandreascrimestories,1,1,0,0,0,0,0,0,0,0,0,0,0,0
com.pinger.textfree,1,1,1,1,0,1,1,0,0,0,0,0,0,0
com.pinger.textfree.call,1,1,1,0,0,0,1,0,0,0,0,0,0,0
com.pinkpointer.wordsearch,1,0,0,0,0,0,0,0,0,0,0,0,0,0
com.pinterest,1,1,0,0,0,0,0,0,0,1,0,0,0,0
com.pipcamera.activity,1,1,0,0,0,1,0,1,0,0,0,0,0,0
com.piriform.ccleaner,1,0,0,0,0,0,0,0,0,0,0,0,0,0
com.pixel.gun3d,0,1,0,0,0,0,0,0,0,0,0,0,0,0
com.pixelberrystudios.choices,1,1,0,0,0,0,0,0,0,0,0,0,0,0
com.pixlr.express,1,0,1,0,0,0,0,0,0,0,0,0,0,0
com.pixonic.wwr,1,1,0,0,0,0,0,0,0,0,0,0,0,0
com.pixowl.tsb2,1,1,0,0,0,0,0,0,0,0,0,0,0,0
com.pjmasks.moonlightheroes,1,1,0,0,0,0,0,0,0,0,0,0,0,0
com.planner5d.planner5d,1,1,0,0,0,0,0,1,0,0,0,0,0,0
com.plarium.stormfallrob,1,1,0,0,0,0,0,0,0,0,0,0,0,0
com.plarium.vikings,1,1,0,0,0,0,0,0,0,1,0,0,0,0
com.playappking.busrush,1,1,0,0,0,0,0,0,0,0,0,0,0,0
com.playappking.busrush2,1,1,0,0,0,0,0,0,0,0,0,0,0,0
com.playday.game.medievalFarm.android,1,1,0,0,0,0,0,0,0,0,0,0,0,0
com.playdemic.golf.android,1,1,0,0,0,0,0,1,0,0,0,0,0,0
com.playfirst.cookingdashx,1,1,0,0,0,0,0,0,0,0,0,0,0,0
com.playgendary.partymasters,1,1,0,0,0,0,0,0,0,0,0,0,0,0
com.playgendary.tanks,1,1,0,0,0,0,0,0,0,0,0,0,0,0
com.playrix.fishdomdd.gplay,1,0,0,0,0,0,0,0,0,0,0,0,0,0
com.playrix.gardenscapes,1,1,0,0,0,0,0,0,0,0,0,0,0,0
com.playrix.homescapes,1,1,0,0,0,0,0,0,0,0,0,0,0,0
com.playrix.township,1,0,0,0,0,0,0,0,0,0,0,0,0,0
com.playstation.mobilemessenger,0,1,0,0,0,0,0,0,0,0,0,0,0,0
com.playstudios.myvegas,1,1,1,0,0,0,0,0,0,0,0,0,0,0
com.playstudios.myvegas.blackjack,1,1,0,0,0,0,0,0,0,0,0,0,0,0
com.playtika.caesarscasino,1,1,0,0,0,0,0,1,0,0,0,0,0,0
com.playtika.wsop.gp,1,0,0,0,0,0,0,0,0,0,0,0,0,0
com.pnixgames.bowlingking,1,1,0,0,0,0,0,0,0,0,0,0,0,0
com.pof.android,1,1,0,0,0,0,0,0,0,0,0,0,0,0
com.popreach.dumbways,1,1,0,0,0,0,0,0,0,0,0,0,0,0
com.popularapp.periodcalendar,0,0,0,0,0,0,0,0,0,0,0,0,0,0
com.poshmark.app,1,1,0,0,0,0,0,0,0,0,0,0,0,0
com.powerd.cleaner,1,1,1,1,0,0,0,0,0,0,0,0,0,0
com.powerful.cleaner,1,1,1,0,0,0,0,0,0,0,0,0,0,0
com.pozitron.iscep,1,0,0,0,0,0,0,0,0,0,0,0,0,0
com.prettysimple.criminalcaseandroid,1,1,0,0,0,0,0,0,0,0,0,0,0,0
com.productmadness.hovmobile,1,1,0,0,0,0,0,0,0,0,0,0,0,0
com.psiphon3.subscription,0,0,0,0,0,0,0,0,0,0,0,0,0,0
com.purplekiwii.mb,1,1,0,0,0,0,0,0,0,0,0,0,0,0
com.purplekiwii.mbhexa,1,1,0,0,0,0,0,0,0,0,0,0,0,0
com.puzzlegame.puzzledom,1,1,0,1,0,0,0,0,0,0,0,0,0,0
com.pyrsoftware.pokerstars.net,1,1,0,0,0,0,0,0,0,0,0,0,0,0
com.quarterborrowresult.customer,1,1,0,0,0,0,0,0,0,0,0,0,0,0
com.quizlet.quizletandroid,1,1,0,0,0,0,0,0,0,0,0,0,0,0
com.quizup.core,1,1,0,0,0,0,0,0,0,0,0,0,0,0
com.quora.android,1,0,0,0,0,0,0,0,0,0,0,0,0,0
com.quvideo.xiaoying,1,1,1,0,1,1,1,1,1,0,0,1,0,0
com.rababagames.hajwalah,1,1,0,0,0,0,0,0,0,0,0,0,0,0
com.racergame.cityracing3d,1,0,0,0,0,0,0,0,0,0,0,0,0,0
com.racergame.cityracinglite.free,1,0,0,0,0,0,1,0,0,0,0,0,0,0
com.racing.car.crash.turbo,1,1,0,0,0,0,1,0,0,0,0,0,0,0
com.radio.fmradio,1,0,0,0,0,0,0,0,0,0,0,0,0,0
com.raongames.growcastle,1,1,0,0,0,0,0,0,0,0,0,0,0,0
com.rappidstudios.simulatorbattle,1,1,0,0,0,0,0,0,0,0,0,0,0,0
com.rasugames.mk,1,1,0,0,0,0,0,0,0,0,0,0,0,0
com.ray3d.shootsniper,1,1,0,0,0,0,0,0,0,0,0,0,0,0
com.rcplatform.livechat,1,1,0,0,0,0,0,0,0,0,0,0,0,0
com.realfightinggp.RobotFighting2MinibotBattle3D,1,1,1,0,0,0,0,0,0,0,0,0,0,0
com.redantz.game.ninja,1,0,0,0,0,0,0,0,0,0,0,0,0,0
com.redantz.game.zombie,1,1,0,0,0,0,0,0,0,0,0,0,0,0
com.redantz.game.zombie3,1,1,0,0,0,0,0,0,0,0,0,0,0,0
com.redbox.android.activity,1,1,1,1,0,1,0,1,0,0,0,0,0,0
com.redraw.keyboard,1,0,0,0,0,0,0,0,0,0,0,0,0,0
com.reliancegames.rschampions,1,1,0,0,0,0,0,0,0,0,0,0,0,0
com.remind101,1,1,0,0,0,0,0,0,0,0,0,0,0,0
com.renderedideas.jungleadventures,1,1,0,0,0,0,0,0,0,0,0,0,0,0
com.renderedideas.jungleadventures2,1,0,0,0,0,0,0,0,0,0,0,0,0,0
com.resultadosfutbol.mobile,1,0,1,1,0,1,0,0,0,0,0,0,0,0
com.rhapsody,1,1,0,0,0,0,0,0,0,1,0,0,0,0
com.rhmsoft.fm,1,1,0,0,0,0,0,0,0,0,0,0,0,0
com.riffsy.FBMGIFApp,1,1,0,0,0,0,0,0,0,0,0,0,0,0
com.rioo.runnersubway,1,1,0,0,0,0,1,0,0,0,0,0,0,0
com.riseup.game,1,1,0,1,0,0,0,0,0,0,0,0,0,0
com.rms.gamesforkids.coloring.princess,0,0,0,0,0,0,0,0,0,0,0,0,0,0
com.roblox.client,1,1,0,0,0,0,0,0,0,0,0,0,0,0
com.roku.remote,1,1,0,0,0,0,0,0,0,0,0,0,0,0
com.romwe,1,0,0,0,0,0,0,0,0,0,0,0,0,0
com.rovio.ABstellapop,1,1,0,0,0,0,0,0,0,0,0,0,0,0
com.rovio.angrybirds,1,1,0,0,0,0,0,0,0,0,0,0,0,0
com.rovio.angrybirdsfriends,1,1,0,0,0,0,0,0,0,0,0,0,0,0
com.rovio.angrybirdsrio,1,1,0,0,0,0,0,0,0,0,0,0,0,0
com.rovio.angrybirdstransformers,1,1,0,0,0,0,0,0,0,0,0,0,0,0
com.rovio.baba,1,1,0,0,0,0,0,0,0,0,0,0,0,0
com.rovio.battlebay,1,1,0,0,0,0,0,0,0,0,0,0,0,0
com.rovio.blast,1,1,0,0,0,0,0,0,0,0,0,0,0,0
com.rovio.tnt,1,0,0,0,0,0,0,0,0,0,0,0,0,0
com.rtsoft.growtopia,1,1,0,0,0,0,1,0,0,0,0,0,0,0
com.runtastic.android,1,1,0,0,0,0,0,0,0,0,0,0,0,0
com.runtastic.android.butttrainer.lite,1,1,0,0,0,0,0,0,0,0,0,0,0,0
com.runtastic.android.heartrate.lite,1,1,0,0,0,0,0,0,0,0,0,0,0,0
com.runtastic.android.me.lite,1,1,0,0,0,0,0,0,0,0,0,0,1,0
com.runtastic.android.pullup.lite,1,0,0,0,0,0,0,0,0,0,0,0,0,0
com.runtastic.android.pushup.lite,1,0,0,0,0,0,0,0,0,0,0,0,0,0
com.runtastic.android.results.lite,1,1,0,0,0,0,0,0,0,0,0,0,0,0
com.runtastic.android.situp.lite,1,0,0,0,0,0,0,0,0,0,0,0,0,0
com.runtastic.android.sixpack.lite,1,1,0,0,0,0,0,0,0,0,0,0,0,0
com.runtastic.android.sleepbetter.lite,1,1,0,0,0,0,0,0,0,0,0,0,0,0
com.runtastic.android.squats.lite,1,0,0,0,0,0,0,0,0,0,0,0,0,0
com.rvappstudios.abc_kids_toddler_tracing_phonics,1,1,0,0,0,0,0,0,0,0,0,0,0,0
com.ryanair.cheapflights,1,0,0,0,0,0,0,0,0,0,0,0,0,0
com.samremote.view,0,0,0,0,0,0,0,0,0,0,0,0,0,0
com.samsung.privilege,1,1,0,0,0,0,0,0,0,0,0,0,0,0
com.santander.app,1,0,0,0,0,0,0,0,0,0,0,0,0,0
com.sasyabook.runningtrainstatus,0,0,0,0,0,0,0,0,0,0,0,0,0,0
com.sbkgames.RacingLimits,1,1,0,0,0,0,0,0,0,0,0,0,0,0
com.sbkgames.rallyracerdirt,1,1,0,0,0,0,0,0,0,0,0,0,0,0
com.scannerradio,1,1,1,0,0,0,0,0,0,0,0,0,0,0
com.scee.psxandroid,1,1,0,0,0,0,0,0,0,0,0,0,0,0
com.schibsted.bomnegocio.androidApp,1,1,1,0,0,0,0,0,0,0,0,0,0,0
com.scoompa.collagemaker,1,1,0,0,0,0,0,0,0,0,0,0,0,0
com.scoompa.collagemaker.video,1,1,0,0,0,0,0,0,0,0,0,0,0,0
com.scoompa.slideshow,1,1,0,0,0,0,0,0,0,0,0,0,0,0
com.scopely.headshot,1,1,0,0,0,0,0,1,0,0,0,0,0,0
com.scopely.wheeloffortune,1,1,0,0,0,0,0,1,0,0,0,0,0,0
com.scopely.whiplash,1,1,0,0,0,0,0,1,0,0,0,0,0,0
com.scores365,1,1,1,0,0,0,0,1,0,1,0,0,0,0
com.scribd.app.reader0,1,1,0,0,0,0,0,0,0,0,0,0,0,0
com.seasoft.frame.photocollageart,1,0,0,0,0,0,0,0,0,0,0,0,0,0
com.sec.android.app.sbrowser,0,0,0,0,0,0,0,0,0,0,0,0,0,0
com.sec.penup,1,0,0,0,0,0,0,0,0,0,0,0,0,0
com.secondarm.taptapdash,1,1,0,0,0,0,0,0,0,0,0,0,0,0
com.secretexit.turbodismount,1,0,0,0,0,0,0,0,0,0,0,0,0,0
com.sega.sonic1px,1,1,0,0,0,0,0,0,0,0,0,0,0,0
com.sega.sonicboomandroid,1,1,0,0,0,0,0,0,0,0,0,0,0,0
com.sega.sonicdash,1,1,0,0,0,0,0,0,0,0,0,0,0,0
com.sega.sprint,1,0,0,0,0,0,0,0,0,0,0,0,0,0
com.selfawaregames.acecasino,1,1,0,0,0,0,0,0,0,0,0,0,0,0
com.senspark.goldminerclassic,1,1,0,0,0,0,0,0,0,0,0,0,0,0
com.sevelina.frozenland,1,1,0,0,0,0,0,0,0,0,0,0,0,0
com.sgiggle.production,1,1,1,1,0,1,1,1,0,1,0,1,0,0
com.sgn.geniesandgems.gp,1,1,0,1,0,0,0,0,0,0,0,0,0,0
com.sharkparty.monopolybingo,1,0,0,0,0,0,0,0,0,0,0,0,0,0
com.shazam.android,1,1,1,0,0,0,0,0,0,0,0,0,0,0
com.shinhan.sbanking,1,0,0,0,0,0,0,0,0,0,0,0,0,0
com.shopee.id,1,1,0,0,0,0,0,1,0,0,0,0,0,0
com.shopee.ph,1,1,0,0,0,0,0,1,0,0,0,0,0,0
com.shopee.th,1,1,0,0,0,0,0,1,0,0,0,0,0,0
com.shopping.limeroad,1,1,0,0,0,0,0,0,0,1,0,0,0,0
com.shpock.android,1,1,0,0,0,0,0,0,0,0,0,0,0,0
com.sina.weibo,0,0,0,0,0,0,0,0,0,0,0,1,0,0
com.sinyee.babybus.babyhospital,1,0,0,0,0,0,0,0,0,0,0,0,0,0
com.sinyee.babybus.care,1,1,0,0,1,0,0,0,0,0,0,0,0,0
com.sinyee.babybus.drinks,1,0,0,0,0,0,0,0,0,0,0,0,0,0
com.sinyee.babybus.magichouse,1,0,0,0,0,0,0,0,0,0,0,0,0,0
com.sinyee.babybus.shopping,1,0,0,0,0,0,0,0,0,0,0,0,0,0
com.sinyee.babybus.toilet,1,1,0,0,1,0,0,0,0,0,0,0,0,0
com.sirius,1,1,0,1,0,1,1,0,0,0,0,0,0,0
com.sirma.mobile.bible.android,1,1,0,0,0,0,0,0,0,0,0,0,0,0
com.skimble.workouts,1,0,0,0,0,0,0,0,0,0,0,0,0,0
com.skisosoft.pts,1,1,0,0,0,0,0,0,0,0,0,0,0,0
com.skmc.okcashbag.home_google,0,1,0,0,0,0,0,0,0,0,0,0,0,0
com.skt.skaf.OA00026910,0,0,0,0,0,0,0,0,0,0,0,0,0,0
com.skype.raider,1,0,0,0,0,0,0,0,0,0,0,0,0,0
com.slacker.radio,1,1,1,0,0,0,1,0,0,0,0,0,0,0
com.smallgiantgames.empires,1,1,0,0,0,0,0,0,0,0,0,0,0,0
com.smart.color.phone.emoji,1,1,1,0,0,0,0,0,0,0,0,0,0,0
com.smsrobot.callrecorder,0,0,0,0,0,0,0,0,0,0,0,0,0,0
com.smule.singandroid,1,1,0,0,0,0,0,0,0,0,0,0,0,0
com.snailgameusa.tp,1,1,0,0,0,0,0,1,0,0,0,0,0,0
com.snapchat.android,0,0,0,0,0,0,0,0,0,0,0,0,0,0
com.snapdeal.main,1,1,1,0,0,0,1,0,1,0,0,0,0,0
com.snapwork.hdfc,1,1,0,0,0,0,0,0,0,0,0,0,0,0
com.socialquantum.acityint,1,1,0,0,0,0,0,1,0,0,0,0,0,0
com.sofascore.results,1,0,0,0,0,0,0,0,0,0,0,0,0,0
com.softick.android.solitaire.klondike,1,0,0,0,0,0,0,0,0,0,0,0,0,0
com.solou.catendless.run,1,1,0,0,0,0,0,0,0,0,0,0,0,0
com.sonymobile.sketch,1,0,0,0,0,0,0,0,0,0,0,0,0,0
com.sora.metal.squad,1,1,0,0,0,0,0,0,0,0,0,0,0,0
com.soundcloud.android,1,1,0,0,0,0,0,0,0,1,0,0,0,0
com.spaceapegames.fastlane,1,1,0,0,0,0,0,0,0,0,0,0,0,0
com.spacegame.basic3,1,1,0,0,0,0,0,0,0,0,0,0,0,0
com.spacegame.solitaire.basic,1,1,0,0,0,0,0,0,0,0,0,0,0,0
com.sparklingsociety.cityisland2,1,1,0,0,0,0,0,0,0,0,0,0,0,0
com.sparklingsociety.cityisland3,1,1,0,0,0,0,0,0,0,0,0,0,0,0
com.sparklingsociety.cityisland4,1,1,0,0,0,0,0,0,0,0,0,0,0,0
com.sparklingsociety.cityisland4sd,1,1,0,0,0,0,0,0,0,0,0,0,0,0
com.speedymovil.wire,0,1,0,0,0,0,1,1,0,0,0,0,0,0
com.spilgames.OperateNow2,1,1,0,0,0,0,0,0,0,0,0,0,0,0
com.spilgames.UphillRush,1,1,0,0,0,0,0,0,0,0,0,0,0,0
com.spilgames.mydolphinshow,1,1,0,0,0,0,0,0,0,0,0,0,0,0
com.spotify.music,1,0,0,0,0,0,0,0,0,0,0,0,0,0
com.spungegames.failybrakes,1,1,0,0,0,0,0,0,0,0,0,0,0,0
com.squareenix.relicrun,1,1,0,0,0,0,0,0,0,0,0,0,0,0
com.ss.android.ugc.boomlite,1,1,1,0,0,0,0,1,0,0,0,0,0,0
com.stac.empire.main,1,1,0,0,0,0,1,1,0,1,0,0,0,0
com.starbucks.mobilecard,1,1,1,0,0,0,0,1,0,0,0,0,0,0
com.statuses,1,0,0,0,0,0,0,0,0,0,0,0,0,0
com.stove.supertank.google,1,1,0,0,0,0,1,0,0,0,0,0,0,0
com.streema.simpleradio,1,1,0,0,0,0,0,0,0,0,0,0,0,0
com.studiosol.palcomp3,1,1,1,0,0,0,0,0,0,0,0,0,0,0
com.supercell.boombeach,1,0,0,0,0,0,0,0,0,0,0,0,0,0
com.supercell.clashofclans,1,0,0,0,0,0,0,0,0,0,0,0,0,0
com.supercell.clashroyale,1,0,0,0,0,0,0,0,0,0,0,0,0,0
com.supercell.hayday,1,0,0,0,0,0,0,0,0,0,0,0,0,0
com.superevilmegacorp.game,1,0,0,0,0,0,0,0,0,0,0,0,0,0
com.superking.parchisi.star,1,1,0,0,0,0,0,0,0,0,0,0,0,0
com.superplusgames.hosandroid,1,1,0,0,0,0,0,0,0,0,0,0,0,0
com.supertapx.lovedots,1,1,0,0,0,0,0,0,0,0,0,0,0,0
com.surpax.ledflashlight.panel,1,1,0,0,0,0,0,0,0,0,0,0,0,0
com.sweetfuirt.candy,1,1,0,0,0,0,0,0,0,0,0,0,0,0
com.sygic.aura,1,1,0,1,0,1,0,0,0,0,0,0,0,0
com.tabtale.babycareanddressup,1,1,0,0,0,0,0,0,0,0,0,0,0,0
com.tabtale.carebears,1,1,0,0,0,0,0,0,0,0,0,0,0,0
com.taobao.taobao,0,1,0,0,1,1,0,1,0,0,0,0,1,0
com.tap4fun.brutalage_test,1,1,0,0,1,0,0,1,0,0,0,0,0,0
com.tap4fun.reignofwar,1,0,0,0,0,0,0,0,0,0,0,0,0,0
com.taptrip,1,0,1,0,0,0,0,0,0,0,0,0,0,0
com.target.ui,1,1,1,0,0,0,0,0,0,0,0,0,0,0
com.taxis99,1,1,0,0,0,0,1,0,0,0,0,0,0,0
com.tbegames.and.best_moto_race,1,1,0,0,0,0,0,0,0,0,0,0,0,0
com.tbegames.and.top_speed_racing,1,1,0,0,0,0,0,0,0,0,0,0,0,0
com.tbig.playerprotrial,1,0,0,1,0,0,0,0,0,0,0,0,0,0
com.ted.android,1,1,0,0,0,0,0,0,0,0,0,0,0,0
com.tekoia.sure.activities,1,1,0,1,0,1,0,0,0,0,0,0,0,0
com.telcel.imk,1,0,0,0,0,0,1,0,0,0,0,0,0,0
com.telkomsel.telkomselcm,1,1,1,0,0,0,0,0,0,0,0,0,0,0
com.tencent.ig,1,0,0,0,0,0,0,0,0,0,0,0,0,0
com.tencent.mobileqq,0,0,0,0,0,0,1,0,0,0,0,0,0,0
com.textra,0,1,0,0,0,0,0,0,0,0,0,0,0,0
com.tfd.mobile.TfdSearch,1,0,0,0,0,0,0,0,0,0,0,0,0,0
com.tfgco.games.strategy.free.castlecrush,1,1,0,0,0,0,0,1,0,0,0,0,0,0
com.tgg.kidscooking,1,1,0,0,0,0,0,0,0,0,0,0,0,0
com.tgg.mylittleunicornrunnerpart2,1,1,0,0,0,0,0,0,0,0,0,0,0,0
com.thalia.diamond.zipper.lock.screen,1,0,0,0,0,0,0,0,0,0,0,0,0,0
com.themausoft.wpsapp,0,0,0,0,0,0,0,0,0,0,0,0,0,0
com.theonegames.gunshipbattle,1,1,0,0,0,0,0,0,0,0,0,0,0,0
com.thinkyeah.galleryvault,1,1,0,0,0,0,0,0,0,0,0,0,0,0
com.thinkyeah.smartlockfree,1,1,0,0,0,0,0,0,0,0,0,0,0,0
com.threestar.gallery,1,1,0,0,0,0,0,0,0,0,0,0,0,0
com.til.timesnews,1,1,1,0,0,0,0,0,0,0,0,1,0,0
com.timuzgames.bikeracing2018,1,1,0,0,0,0,0,0,0,0,0,0,0,0
com.timuzsolutions.trainsimulator2016,1,1,0,0,0,0,0,0,0,0,0,0,0,0
com.tinder,1,1,0,0,0,0,0,0,0,0,0,0,0,0
com.tinyco.avengers,1,1,0,1,0,0,0,1,0,0,0,0,0,0
com.tinyco.familyguy,1,1,0,1,0,1,1,1,0,0,0,0,0,0
com.tinyco.potter,1,1,0,0,0,0,0,1,0,0,0,0,0,0
com.tinymission.dailyworkoutsfree,1,0,0,0,0,0,0,0,0,0,0,0,0,0
com.tiramisu.driftmax2,1,1,0,0,0,0,0,0,0,0,0,0,0,0
com.tmobile.pr.mytmobile,0,0,0,0,0,0,0,0,0,0,0,0,0,0
com.tmobile.vvm.application,0,1,0,0,0,0,0,0,1,0,0,0,0,0
com.tmon,1,1,0,0,0,0,0,0,0,0,0,0,0,0
com.tmon.gelato.android,1,1,0,0,0,0,0,0,0,0,0,0,0,0
com.todoist,1,1,0,0,0,0,0,0,0,0,0,0,0,0
com.toi.reader.activities,1,1,1,0,0,0,0,0,0,0,0,0,0,0
com.tomtom.gplay.navapp,1,1,0,0,0,0,0,0,0,0,0,0,0,0
com.topactiongames.gunner.shootwar3d,1,1,0,0,0,0,0,0,0,0,0,0,0,0
com.topactiongames.survivor.prision.escape,1,1,0,0,0,0,0,0,0,0,0,0,0,0
com.topactiongames.survivor.prision.escape.v2,1,1,0,0,0,0,0,0,0,0,0,0,0,0
com.topfreegames.bikeracefreeworld,1,1,0,0,0,0,0,1,0,0,0,0,0,0
com.topgamestudio.americanblocksnipersurvival,1,1,0,0,0,0,0,0,0,0,0,0,0,0
com.tophatter,1,1,0,0,0,0,0,0,0,0,0,0,0,0
com.touchfoo.swordigo,1,0,0,0,0,0,0,0,0,0,0,0,0,0
com.touchtype.swiftkey,1,1,0,0,0,0,0,0,0,0,0,0,0,0
com.touchtype.swiftkey.beta,0,1,0,0,0,0,0,0,0,0,0,0,0,0
com.traindepo.rollercoaster,1,1,0,0,0,0,0,0,0,0,0,0,0,0
com.tranzmate,1,1,0,1,0,1,0,0,0,1,1,1,0,0
com.traveloka.android,1,1,1,0,0,0,1,0,0,0,0,0,0,0
com.tripadvisor.tripadvisor,1,1,0,0,0,0,0,1,0,0,0,0,0,0
com.trivago,1,0,1,0,0,0,0,0,0,0,0,0,0,0
com.trulia.android,1,1,0,0,0,0,0,0,0,0,0,0,0,0
com.trulia.android.agent,0,1,0,0,0,0,0,0,0,0,0,0,0,0
com.trulia.android.rentals,1,1,1,1,0,0,0,0,0,1,0,0,0,0
com.tubitv,1,1,0,1,0,0,0,0,0,0,0,0,0,0
com.tuenti.messenger,1,1,0,0,0,0,0,0,0,0,0,0,0,0
com.tumblr,1,1,0,0,0,0,0,0,0,1,0,0,0,0
com.turbochilli.rollingsky,1,1,0,0,0,0,0,0,0,0,0,0,0,0
com.turborilla.MadSkillsMotocross2,1,1,0,1,0,0,0,0,0,0,0,0,0,0
com.turkcell.bip,1,0,0,0,0,0,0,0,0,0,0,0,0,0
com.turkcell.gncplay,1,1,0,0,0,0,0,0,0,0,0,0,0,0
com.turner.asmajormayhem,1,1,0,0,0,0,0,0,0,0,0,0,0,0
com.turner.pocketmorties,1,1,0,0,0,0,0,1,0,0,0,0,0,0
com.tutotoons.app.sweetbabygirldaycare4.free,1,1,0,0,0,0,0,0,0,0,0,0,0,0
com.tvn.subwayrunmario,1,1,0,0,0,0,0,0,0,0,0,0,0,0
com.twitter.android,0,0,0,0,0,0,0,0,0,0,0,0,0,0
com.ubanksu,1,1,1,0,0,0,0,1,0,0,0,0,0,0
com.ubercab,1,1,0,0,0,0,0,0,0,0,0,0,0,0
com.ubercab.driver,1,1,1,0,0,0,1,0,1,0,0,0,1,0
com.ubercab.eats,1,1,0,0,0,0,0,0,0,0,0,0,0,0
com.ubercab.freight,1,1,0,0,0,0,0,0,0,0,0,0,0,0
com.ubisoft.dance.JustDance,1,1,0,0,0,0,0,0,0,0,0,0,0,0
com.ubisoft.hungrysharkworld,1,1,0,0,0,0,0,0,0,0,0,0,0,0
com.ubisoft.raymanadventures,1,1,0,1,0,0,0,0,0,0,0,0,0,0
com.ubisoft.redlynx.trialsfrontier.ggp,1,1,0,0,0,0,0,0,0,0,0,0,0,0
com.uc.vmate,1,1,1,0,0,0,0,0,0,0,0,0,0,0
com.uefa.ucl,1,1,1,0,0,0,0,0,0,0,0,0,1,0
com.uken.BingoPop,1,1,0,0,0,0,0,0,0,0,0,0,0,0
com.usablenet.mobile.walgreen,1,1,1,1,0,1,0,0,0,0,0,0,0,0
com.vcast.mediamanager,1,1,0,0,0,0,0,1,1,0,0,0,0,0
com.venmo,1,0,0,0,0,0,0,0,0,0,0,0,0,0
com.venticake.retrica,1,0,0,0,0,0,0,0,0,0,0,0,0,0
com.verizon.messaging.vzmsgs,0,1,0,0,0,0,0,1,0,0,0,0,0,0
com.vg.airportpilot.car.transporter.plane,1,1,0,0,0,0,0,0,0,0,0,0,0,0
com.viber.voip,1,0,0,0,0,0,0,0,0,0,0,0,0,0
com.videochat.livu,1,1,0,0,0,0,0,0,0,0,0,0,0,0
com.videoshop.app,1,0,0,0,0,0,0,0,0,0,0,0,0,0
com.viki.android,1,1,0,1,0,1,0,0,0,0,0,0,0,0
com.vivashow.share.video.chat,1,1,0,0,0,0,0,0,0,0,0,0,0,0
com.vividgames.realboxing,1,1,0,0,0,0,0,0,0,0,0,0,0,0
com.vizorinteractive.zombiesettlersv2,1,0,0,0,0,0,0,0,0,0,0,0,0,0
com.vkontakte.android,1,1,1,1,1,1,1,0,0,0,0,0,0,0
com.vng.g6.a.zombie,1,1,0,0,0,0,0,0,0,0,0,0,0,0
com.vnlentertainment.mmoproject,1,1,0,0,0,0,0,0,0,0,0,0,0,0
com.vsco.cam,1,1,0,0,0,0,0,0,1,0,0,0,0,0
com.vysionapps.face28,0,0,0,0,0,0,0,0,0,0,0,0,0,0
com.wagame.ChiKuneDoLite,1,0,0,0,0,0,0,0,0,0,0,0,0,0
com.walmart.android,1,1,1,0,0,0,0,0,0,0,0,0,0,0
com.wantu.activity,1,1,0,0,0,0,0,0,0,0,0,0,0,0
com.waveline.nabd,1,1,0,0,0,0,0,0,0,0,0,0,0,0
com.wavemarket.waplauncher,1,1,0,0,0,0,0,0,0,0,0,0,0,0
com.wawoo.gunshootwar,1,1,0,0,0,0,0,0,0,0,0,0,0,0
com.wb.goog.dc.legends,1,1,0,0,0,0,0,0,0,0,0,0,0,0
com.wb.goog.injustice,1,1,0,0,0,0,1,0,0,0,0,0,0,0
com.wb.goog.injustice.brawler2017,1,0,0,0,0,0,0,0,0,0,0,0,0,0
com.wb.headsup,1,1,0,0,0,0,0,0,0,0,0,0,0,0
com.weather.Weather,1,0,1,0,0,0,0,0,0,0,0,0,0,0
com.webascender.callerid,1,1,0,0,0,0,0,0,0,0,0,0,0,0
com.webgames.ghosts,1,1,0,0,0,0,0,0,0,0,0,0,0,0
com.weheartit,1,1,0,0,0,0,0,0,0,0,0,0,0,0
com.wemakeprice,1,1,0,0,0,0,0,0,0,0,0,0,0,0
com.weplaydots.twodotsandroid,1,1,0,0,0,0,0,1,0,0,0,0,0,0
com.wetter.androidclient,1,1,1,0,0,0,0,0,0,0,0,0,0,0
com.wf.wellsfargomobile,0,0,0,1,0,0,0,0,0,0,0,0,0,0
com.wgt.android.golf,1,1,0,0,0,0,0,0,0,0,0,0,0,0
com.whatsapplock,1,1,0,0,0,0,0,0,0,0,0,0,0,0
com.whereismytrain.android,1,1,0,0,0,0,0,0,0,0,0,0,0,0
com.whiture.apps.ludoorg,1,0,0,0,0,0,0,0,0,0,0,0,0,0
com.williamsinteractive.jackpotparty,1,1,0,0,0,0,0,0,0,0,0,0,0,0
com.winit.starnews.hin,1,1,1,0,0,0,0,1,0,0,0,0,0,0
com.wishabi.flipp,1,1,1,0,0,0,0,0,0,0,0,0,0,0
com.word.puzzle.game.connect,1,1,0,0,0,0,0,0,0,0,0,0,0,0
com.wordgame.puzzle.board.en,1,1,0,0,0,0,0,0,0,0,0,0,0,0
com.wordgame.words.connect,1,1,0,0,0,0,0,0,0,0,0,0,0,0
com.works.timeglass.logoquiz,1,0,0,0,0,0,0,0,0,0,0,0,0,0
com.wsl.noom,1,1,0,0,0,0,0,0,0,0,0,0,0,0
com.wwe.universe,1,1,1,0,0,0,0,0,0,0,0,0,0,0
com.x3m.tx4,1,1,0,1,1,1,0,0,0,0,0,1,0,0
com.xe.currency,1,1,1,0,0,0,0,0,0,0,0,0,0,0
com.xiaomi.hm.health,1,0,0,0,0,0,0,0,0,0,0,0,0,0
com.xiaomi.midrop,1,1,0,0,0,0,1,0,0,0,0,0,0,0
com.xinmei365.font,1,1,0,1,0,1,0,0,0,0,0,0,0,0
com.xodo.pdf.reader,1,1,0,0,0,0,0,0,0,0,0,0,0,0
com.xs.pooltd,1,1,0,0,1,0,0,0,0,0,0,0,0,0
com.yadavapp.keypadlockscreen,1,0,0,0,0,0,0,0,0,0,0,0,0,0
com.yahoo.mobile.client.android.flickr,1,1,0,0,0,0,0,0,0,0,0,0,0,0
com.yahoo.mobile.client.android.mail,1,1,0,0,0,0,0,0,0,1,0,0,0,0
com.yahoo.mobile.client.android.weather,1,1,1,0,0,0,0,0,0,0,0,0,0,0
com.yahoo.mobile.client.android.yahoo,1,1,0,0,0,0,0,0,0,0,0,0,0,0
com.yandex.browser,1,1,0,0,0,0,0,0,0,0,0,0,0,0
com.yodo1.crossyroad,1,1,0,0,0,0,0,0,0,0,0,0,0,0
com.yodo1.rodeo.safari,1,1,0,1,0,1,1,1,0,0,0,0,1,0
com.yoob.games,1,1,1,0,0,0,0,1,0,0,0,0,0,0
com.yottagames.mafiawar,1,1,0,0,0,0,0,0,0,0,0,0,0,0
com.youmusic.magictiles,1,1,0,1,0,0,0,0,0,0,0,0,0,0
com.youthhr.phonto,1,0,0,0,0,0,0,0,0,0,0,0,0,0
com.yum.pizzahut,1,1,1,0,0,0,0,0,0,0,0,0,0,0
com.yx.sniper,1,1,0,0,1,0,0,0,0,0,0,0,0,0
com.zalora.android,1,0,0,0,0,0,0,0,0,0,0,0,0,0
com.zentertain.photoeditor,1,1,0,0,0,0,0,1,0,0,0,0,0,0
com.zeptolab.cats.google,1,1,0,0,0,0,0,0,0,0,0,0,0,0
com.zeptolab.ctr.ads,1,1,0,0,0,0,0,0,0,0,0,0,0,0
com.zeptolab.ctr2.f2p.google,1,1,0,0,0,0,0,0,0,0,0,0,0,0
com.zeptolab.ctrm.free.google,1,1,0,0,0,0,0,0,0,0,0,0,0,0
com.zeptolab.thieves.google,1,1,0,0,0,0,0,0,0,0,0,0,0,0
com.zhiliaoapp.musically,1,1,0,0,1,0,0,1,0,0,0,0,0,0
com.zillow.android.zillowmap,1,1,1,0,0,0,0,0,0,0,0,0,0,0
com.zindagigames.test,1,1,0,0,0,0,0,0,0,0,0,0,0,0
com.zing.zalo,1,0,0,0,0,0,0,0,0,0,0,0,0,0
com.zipzapgames.trafficjamrider,1,1,0,0,0,0,0,0,0,0,0,0,0,0
com.ziraat.ziraatmobil,0,0,0,0,0,0,0,0,0,0,0,0,0,0
com.zoosk.zoosk,1,1,0,1,0,1,0,0,0,1,0,0,0,0
com.zplay.willhero,1,1,1,0,0,0,0,1,0,0,0,0,0,0
com.zrgiu.antivirus,1,1,0,0,0,0,0,0,0,0,0,1,0,0
com.zynga.FarmVille2CountryEscape,1,1,0,0,0,0,0,1,0,0,0,0,0,0
com.zynga.empires2,1,1,0,0,0,0,0,0,0,0,0,0,0,0
com.zynga.livepoker,1,1,0,0,0,0,0,1,0,0,0,0,0,0
com.zynga.words,1,1,0,0,0,0,0,0,0,0,0,0,0,0
com.zynga.words3,1,1,0,0,0,0,0,0,0,0,0,0,0,0
com.zynga.wwf2.free,1,1,0,0,0,0,0,0,0,0,0,0,0,0
com.zzkko,1,0,0,0,0,0,1,0,0,0,0,0,0,0
cris.org.in.prs.ima,1,1,0,0,0,0,0,0,0,0,0,0,0,0
cz.aponia.bor3,1,1,0,1,0,1,0,0,0,0,0,0,0,0
de.gmx.mobile.android.mail,0,1,0,0,0,0,0,0,0,0,0,0,0,0
de.lotum.whatsinthefoto.de,1,0,0,0,0,0,0,0,0,0,0,0,0,0
de.lotum.whatsinthefoto.es,1,0,0,0,0,0,0,0,0,0,0,0,0,0
de.lotum.whatsinthefoto.fr,1,0,0,0,0,0,0,0,0,0,0,0,0,0
de.lotum.whatsinthefoto.us,1,0,0,1,0,0,0,0,0,0,0,0,0,0
de.motain.iliga,1,1,0,0,0,0,0,0,0,0,0,1,0,0
de.stocard.stocard,1,1,1,0,0,0,0,0,0,0,0,0,0,0
de.tvspielfilm,1,1,0,0,0,0,0,0,0,0,0,0,0,0
de.web.mobile.android.mail,0,1,0,0,0,0,0,0,0,0,0,0,0,0
de.wetteronline.wetterapp,1,1,1,0,0,0,0,0,0,0,0,0,0,0
dvortsov.alexey.princess,1,1,0,0,0,0,0,0,0,0,0,0,0,0
es.lfp.gi.main,1,1,0,0,0,0,0,0,0,0,0,0,0,0
es.parrotgames.restaurantcity,1,1,0,0,0,0,0,0,0,0,0,0,0,0
es.socialpoint.DragonCity,1,1,0,0,0,0,0,0,0,0,0,0,0,0
es.socialpoint.MonsterLegends,1,1,0,1,0,0,0,1,0,0,0,0,0,0
eu.nordeus.topeleven.android,1,1,0,0,0,0,0,1,0,0,0,0,0,0
flipboard.app,1,1,0,0,0,0,0,0,0,0,0,0,0,0
fm.clean,1,1,0,0,0,0,0,0,0,0,0,0,0,0
foodquiz.guessthefood,1,0,0,0,0,0,0,0,0,0,0,0,0,0
fr.two4tea.fightlist,1,1,0,0,0,0,1,0,0,0,0,0,0,0
free.vpn.unblock.proxy.turbovpn,1,1,0,0,0,0,0,0,0,0,0,0,0,0
free.vpn.unblock.proxy.vpnpro,1,1,0,0,0,0,0,0,0,0,0,0,0,0
game2048.b2048game.twozerofoureight2048.game,0,1,0,0,0,0,0,0,0,0,0,0,0,0
gbis.gbandroid,1,1,1,0,0,0,0,0,0,0,0,0,0,0
ginlemon.flowerfree,0,0,1,0,0,0,0,0,0,0,0,0,0,0
gogolook.callgogolook2,1,1,1,1,0,1,0,0,0,0,1,0,0,0
gsshop.mobile.v2,1,0,0,0,0,0,0,0,0,0,0,0,0,0
guess.the.brand.logo.quiz.icomania,1,1,0,0,0,0,0,0,0,0,0,0,0,0
homeworkout.homeworkouts.noequipment,1,1,0,0,0,0,0,0,0,0,0,0,0,0
hotspotshield.android.vpn,1,0,0,1,0,0,1,0,0,0,0,0,0,0
hr.palamida,1,0,0,0,0,0,0,0,0,0,0,0,0,0
ht.nct,1,0,0,0,0,0,0,0,0,0,0,0,0,0
id.co.babe,1,1,0,0,0,0,0,1,0,0,0,0,0,0
iflix.play,1,1,0,1,0,0,0,0,0,0,0,0,0,0
il.co.smedia.callrecorder.yoni,1,1,0,0,0,0,0,0,0,0,0,0,0,0
imoblife.memorybooster.lite,1,1,0,0,0,0,0,0,0,0,0,0,0,0
imoblife.toolbox.full,1,1,0,0,0,0,0,0,0,0,0,0,0,0
in.AajTak.headlines,1,1,1,0,0,0,0,0,0,0,0,0,0,0
in.startv.hotstar,1,1,0,0,0,0,1,0,0,0,0,0,0,0
in.swiggy.android,1,1,1,0,0,0,0,0,0,0,0,0,0,0
info.androidz.horoscope,1,1,0,0,0,0,0,0,0,0,0,0,0,0
info.cloneapp.mochat.in.goast,1,1,0,1,0,1,0,0,0,0,0,0,0,0
invaders.os.galaxy.space.shooter.attack.classic,1,1,0,0,0,0,0,0,0,0,0,0,0,0
io.faceapp,1,0,0,0,0,0,0,0,0,0,0,0,0,0
io.teslatech.callbreak,1,1,1,0,0,0,0,0,0,0,0,0,0,0
io.voodoo.dune,1,1,0,1,0,0,0,0,0,0,0,0,0,0
io.voodoo.holeio,1,1,0,1,0,0,0,0,0,0,0,0,0,0
io.voodoo.paperio,1,1,0,1,0,0,0,0,0,0,0,0,0,0
io.voodoo.stackjump,1,1,0,0,0,0,0,0,0,0,0,0,0,0
ipnossoft.rma.free,1,1,0,0,0,0,0,0,0,0,0,0,0,0
it.doveconviene.android,1,1,1,0,0,0,0,0,0,0,0,1,0,0
it.telecomitalia.centodiciannove,0,1,0,0,0,0,0,0,0,0,0,0,0,0
it.vodafone.my190,0,1,0,0,0,0,0,0,0,0,0,0,0,0
jp.co.johospace.jorte,1,0,1,1,0,1,0,0,0,1,0,0,0,0
jp.co.mcdonalds.android,1,1,1,1,0,1,0,0,0,0,0,0,0,0
jp.co.recruit.mtl.android.hotpepper,1,1,0,0,0,0,0,0,0,0,0,0,0,0
jp.co.yahoo.android.apps.transit,1,0,1,0,0,0,0,0,0,0,0,0,0,0
jp.gocro.smartnews.android,1,0,0,0,0,0,0,0,0,0,0,0,0,0
jp.gree.modernwar,1,1,0,0,0,0,1,0,0,0,0,0,0,0
jp.gree.warofnationsbeta,1,1,0,0,0,0,0,1,0,0,0,0,0,0
jp.konami.duellinks,1,0,0,0,0,0,0,0,0,0,0,0,0,0
jp.konami.pesam,1,0,0,0,0,0,0,0,0,0,0,0,0,0
jp.konami.pesclubmanager,1,0,0,0,0,0,0,0,0,0,0,0,0,0
jp.naver.SJLGBUBBLE,1,1,0,0,0,0,0,0,0,0,0,0,0,0
jp.naver.line.android,1,1,0,0,0,0,0,0,0,0,0,0,0,0
jp.naver.lineplay.android,1,0,0,0,0,0,0,0,0,0,0,0,0,0
jp.nicovideo.android,1,0,0,0,0,0,0,0,0,0,0,0,0,0
jp.pokemon.pokemoncomaster,1,0,0,0,0,0,0,0,0,0,0,0,0,0
jp.radiko.Player,1,0,0,0,0,0,0,0,0,0,0,0,0,0
jpark.AOS5,1,0,0,0,0,0,0,0,0,0,0,0,0,0
kik.android,1,1,0,0,0,0,0,0,0,0,0,0,0,0
kr.co.nowcom.mobile.afreeca,1,1,0,0,0,0,1,0,0,0,0,0,0,0
leagueofmonkeys.torqueburnout,1,1,0,0,0,0,0,0,0,0,0,0,0,0
lemmingsatwork.quiz,1,0,0,0,0,0,0,0,0,0,0,0,0,0
letsfarm.com.playday,1,1,0,0,0,0,0,0,0,0,0,0,0,0
lg.uplusbox,0,0,0,0,0,0,0,0,1,0,0,0,1,0
loseweight.weightloss.workout.fitness,1,0,0,0,0,0,0,0,0,0,0,0,0,0
marble.temple.quest.legend,1,0,0,0,0,0,0,0,0,0,0,0,0,0
mbinc12.mb32b,1,1,0,0,0,0,1,0,0,0,0,0,0,0
me.dreamsky.leagueofstickman,1,1,1,0,0,0,1,0,0,0,0,1,0,0
me.dreamsky.leagueofstickmanzombiefree,1,1,0,0,0,0,0,0,0,0,0,0,0,0
me.lyft.android,1,1,1,0,0,0,0,0,0,0,0,0,0,0
me.tango.roadriot,1,1,0,0,0,0,0,0,0,0,0,0,0,0
media.mp3.audio.musicplayer,0,0,0,0,1,0,0,0,0,0,0,0,0,0
media.music.musicplayer,1,0,0,0,0,0,0,0,0,0,0,0,0,0
media.music.musicplayer.mp3player,1,0,0,0,1,0,0,0,0,0,0,0,0,0
messenger.messenger.messenger.messenger,0,0,0,0,0,0,0,0,0,0,0,0,0,0
mg.locations.track5,0,0,1,0,0,0,0,0,0,0,0,0,0,0
mindware.mindgames,1,0,0,0,0,0,0,0,0,0,0,0,0,0
mobi.gameguru.racingfevermoto,1,0,0,0,0,0,0,0,0,0,0,0,0,0
mobi.ifunny,1,1,0,0,0,0,0,0,0,0,0,0,0,0
mobi.infolife.ezweather.widget.accurate.weather.report,1,1,1,0,0,0,0,0,0,0,0,0,0,0
mobi.infolife.ezweather.widget.clockandweather,1,1,1,0,0,0,1,0,0,0,0,0,0,0
mobi.infolife.ezweather.widget.figures,1,1,1,1,0,0,1,0,0,0,0,0,0,0
mobi.infolife.ezweather.widget.g23n3,1,1,1,0,0,0,0,0,0,0,0,0,0,0
mobi.infolife.ezweather.widget.liveweather.homescreen,1,1,1,0,0,0,0,0,0,0,0,0,0,0
mobi.infolife.ezweather.widget.radar.weatherforecast,1,1,1,0,0,0,0,0,0,0,0,0,0,0
mobi.infolife.ezweather.widget.rainy,1,1,1,0,1,0,0,0,0,0,0,0,0,0
mobi.infolife.ezweather.widget.ripple2,1,1,1,0,1,0,0,0,0,0,0,0,0,0
mobi.infolife.ezweather.widget.weather.galaxy.widget,1,1,1,0,0,0,0,0,0,0,0,0,0,0
mobi.infolife.ezweather.widget.weather.location.app,1,1,1,0,0,0,0,0,0,0,0,0,0,0
mobi.infolife.ezweather.widget.weatherandradar,1,1,1,0,0,0,0,0,0,0,0,0,0,0
my.googlemusic.play,1,0,0,0,0,0,0,0,0,0,0,0,0,0
naukriApp.appModules.login,1,1,0,0,0,0,0,0,0,0,0,0,0,0
net.daum.android.daum,1,1,1,0,0,0,0,0,0,0,0,0,0,0
net.daum.android.map,1,0,0,0,0,0,0,0,0,0,0,0,0,0
net.daum.android.webtoon,1,0,0,0,0,0,0,0,0,0,0,1,0,0
net.lovoo.android,1,1,0,0,0,0,0,0,0,0,0,0,0,0
net.mbc.shahid,0,0,0,0,0,0,0,1,0,0,0,0,0,0
net.milkdrops.beentogether,1,0,0,0,0,0,0,0,0,0,0,0,0,0
net.mobigame.zombietsunami,1,1,0,0,0,0,0,1,0,0,0,0,0,0
net.mobilecraft.realbasketball,1,1,0,0,0,0,0,0,0,0,0,0,0,0
net.orizinal.subway,1,1,0,0,0,0,0,0,0,0,0,0,0,0
net.p4p.absen,1,0,1,1,0,1,0,0,0,1,0,0,0,0
net.peakgames.OkeyPlus,1,1,0,0,0,0,0,0,0,0,0,0,0,0
net.peakgames.Yuzbir,1,1,0,0,0,0,0,0,0,0,0,0,0,0
net.peakgames.amy,1,1,0,0,0,0,0,0,0,0,0,0,0,0
net.peakgames.toonblast,1,1,0,0,0,0,0,0,0,0,0,0,0,0
net.playq.charmking,1,1,0,1,0,1,0,0,0,0,0,0,0,0
net.rention.mind.skillz,1,1,0,0,0,0,0,0,0,0,0,0,0,0
net.skyscanner.android.main,1,1,0,0,0,0,0,0,0,0,0,0,0,0
net.wargaming.wot.blitz,1,1,0,0,0,0,0,0,0,0,0,0,0,0
net.zedge.android,1,1,1,0,0,0,0,0,0,0,0,0,0,0
no.mobitroll.kahoot.android,1,0,0,0,0,0,0,0,0,0,0,0,0,0
org.aastudio.games.longnards,1,1,0,0,0,0,0,0,0,0,0,0,0,0
org.cocos2dx.NautilusCricket2014,1,1,0,0,0,0,0,0,0,0,0,0,0,0
org.detikcom.rss,1,1,0,0,0,0,0,0,0,0,0,0,0,0
org.hola,0,0,0,0,0,0,0,0,0,0,0,1,0,0
org.joa.zipperplus7,1,1,0,0,0,0,0,0,0,0,0,0,0,0
org.jw.jwlibrary.mobile,0,0,0,0,0,0,0,0,0,0,0,0,0,0
org.mozilla.firefox_beta,0,0,0,1,0,0,0,0,0,0,0,0,0,0
org.mrchops.android.digihud,1,0,1,1,0,1,0,0,0,0,0,0,0,0
org.telegram.messenger.erick,0,0,0,0,0,0,0,0,0,0,0,0,0,0
org.wikipedia,0,0,1,0,0,0,0,0,0,0,0,0,0,0
org.zwanoo.android.speedtest,1,0,1,1,0,1,1,0,0,0,0,0,0,0
pawapp.games.onetdeluxe,0,0,0,0,0,0,0,0,0,0,0,0,0,0
pdf.reader,1,0,0,0,0,0,0,0,0,0,0,0,0,0
pedometer.steptracker.calorieburner.stepcounter,1,1,0,0,0,0,0,0,0,0,0,0,0,0
photo.android.hd.camera,0,0,0,0,1,0,0,0,0,0,0,0,0,0
photoeditor.layout.collagemaker,1,0,0,0,0,0,0,0,0,0,0,0,0,0
pl.ayground.coloringbook,1,1,0,0,0,0,0,0,0,0,0,0,0,0
pl.tablica,1,0,0,0,0,0,0,0,0,0,0,0,0,0
quess.song.music.pop.quiz,1,1,0,0,0,0,0,0,0,0,0,0,0,0
ru.auto.ara,1,1,1,0,0,1,0,0,0,0,0,0,0,0
ru.crazybit.experiment,1,1,0,0,0,0,0,0,0,0,0,0,0,0
ru.dublgis.dgismobile,1,1,1,0,0,0,0,0,0,0,0,0,0,0
ru.ivi.client,1,1,0,0,0,0,0,0,0,0,0,0,0,0
ru.mail.cloud,1,1,1,0,1,0,0,0,0,0,0,0,0,0
ru.mail.mailapp,1,1,0,0,1,0,0,0,0,1,0,0,0,0
ru.mail.mailnews,1,1,0,1,1,1,0,0,0,0,0,0,0,0
ru.mail.my,1,1,0,0,1,0,1,0,0,0,0,0,0,0
ru.megafon.mlk,1,1,1,0,0,0,0,0,0,0,0,0,0,0
ru.mw,1,1,1,0,0,0,0,0,0,0,0,0,0,0
ru.ok.android,1,1,1,1,1,1,1,0,1,1,0,0,1,0
ru.ozon.app.android,1,1,0,0,0,0,0,0,0,0,0,0,0,0
ru.sberbankmobile,1,1,1,0,0,1,0,0,0,0,0,0,0,0
ru.waxtah.jadv,0,0,0,0,0,0,0,0,0,0,0,0,0,0
ru.yandex.mail,1,1,1,0,0,0,0,0,0,0,0,0,0,0
ru.yandex.music,1,1,0,0,0,0,0,0,0,0,0,0,0,0
ru.yandex.searchplugin,1,1,1,0,0,1,0,0,0,0,0,0,0,0
ru.yandex.taxi,1,1,1,0,0,0,1,0,0,0,0,0,0,0
ru.yandex.weatherplugin,1,1,1,0,0,1,0,0,0,0,0,0,0,0
ru.yandex.yandexmaps,1,1,0,0,0,0,0,0,0,0,0,0,0,0
ru.yandex.yandexnavi,1,1,1,0,0,0,0,0,0,0,0,0,0,0
sandbox.art.sandbox,1,1,0,0,0,0,0,0,0,0,0,0,0,0
se.appfamily.superpuzzlefree,1,0,0,0,0,0,0,0,0,0,0,0,0,0
se.feomedia.quizkampen.de.lite,1,0,0,0,0,0,0,0,0,0,0,0,0,0
se.foglo.svt,1,1,0,0,0,0,0,0,0,0,0,0,0,0
se.maginteractive.rumble.free,1,1,0,0,0,0,0,0,0,0,0,0,0,0
se.maginteractive.wordbrain,1,1,0,0,0,0,0,0,0,0,0,0,0,0
se.maginteractive.wordbrain2,1,1,0,0,0,0,0,0,0,0,0,0,0,0
sg.bigo.live,1,0,0,0,0,0,0,0,0,0,0,0,0,0
sg.gumi.bravefrontier,1,1,0,1,0,0,0,0,0,0,0,0,0,0
si.modula.android.instantheartrate,1,1,0,0,0,0,0,0,0,0,0,0,0,0
si.pilcom.apps.pizzamakerkids,0,0,0,0,0,0,0,0,0,0,0,0,0,0
sixpack.sixpackabs.absworkout,1,1,0,0,0,0,0,0,0,0,0,0,0,0
sp.app.bubblePop,1,0,0,0,0,0,0,0,0,0,0,0,0,0
sts.al,1,1,0,0,0,0,1,0,0,0,0,0,0,0
suamusica.suamusicaapp,1,0,0,0,0,0,0,0,0,0,0,0,0,0
super.smash.world.bros,1,0,0,0,0,0,0,0,0,0,0,0,0,0
teamDoppelGanger.SmarterSubway,1,0,1,0,0,0,0,0,0,0,0,1,0,0
th.co.truemoney.wallet,1,1,0,0,1,1,1,1,1,0,0,0,1,0
thecouponsapp.coupon,1,1,1,0,1,0,0,0,0,1,0,1,0,0
tool.scanner,1,0,0,0,0,0,0,0,0,0,0,0,0,0
tools.widget.light.flashlight,1,0,0,0,0,0,0,0,0,0,0,0,0,0
tr.com.tiramisu.driftmax,1,0,0,0,0,0,0,0,0,0,0,0,0,0
tr.com.tiramisu.driftmaxcity,1,0,0,0,0,0,0,0,0,0,0,0,0,0
tr.gov.turkiye.edevlet.kapisi,0,0,0,0,0,0,0,0,0,0,0,0,0,0
tv.peel.app,1,1,1,1,1,1,0,0,1,0,0,0,0,0
tv.peel.samsung.app,1,1,0,1,1,1,0,0,1,0,0,0,0,0
tv.telepathic.hooked,1,1,0,0,0,0,0,0,0,0,0,0,0,0
tv.twitch.android.app,1,1,0,0,0,0,0,0,0,0,0,0,0,0
ua.privatbank.ap24,0,0,0,0,0,0,0,0,0,0,0,0,0,0
unity.enjen.bmx,1,1,0,0,0,0,0,0,0,0,0,0,0,0
us.pinguo.selfie,1,1,0,0,0,0,1,0,0,0,0,0,0,0
us.zoom.videomeetings,0,1,0,0,0,0,0,0,0,0,0,0,0,0
vStudio.Android.Camera360,1,1,1,0,1,1,0,1,0,0,0,0,0,0
video.downloader.videodownloader,1,1,0,0,0,0,0,0,0,0,0,0,0,0
video.like,1,0,0,0,0,0,0,0,0,0,0,0,0,0
video.player.videoplayer,1,1,0,0,0,0,0,0,0,0,0,0,0,0
vivino.web.app,1,0,0,0,0,0,0,0,0,0,0,0,0,0
wp.wattpad,1,1,0,0,0,0,0,1,0,0,0,0,0,0
younow.live,1,1,0,0,0,0,0,0,0,0,0,0,0,0
zombie.survival.craft.z,1,1,0,0,0,0,0,0,0,0,0,0,0,0
